frame_id,timestamp_ms,x_world_raw_strict,y_world_raw_strict,x_world_filtered_strict,y_world_filtered_strict,x_world_raw_waypoint_calibrated,y_world_raw_waypoint_calibrated,x_world_filtered_waypoint_calibrated,y_world_filtered_waypoint_calibrated,z_world
0,0,2.8694,0.0449,2.8694,0.0449,6.6521,0.1804,6.6521,0.1804,0.3250
1,33,2.8623,0.0398,2.8630,0.0402,6.6346,0.1850,6.6362,0.1846,0.3250
2,67,2.8513,0.0307,2.8565,0.0350,6.6091,0.1941,6.6212,0.1899,0.3250
3,100,2.8467,0.0275,2.8507,0.0305,6.5978,0.1970,6.6074,0.1941,0.3250
4,133,2.8389,0.0222,2.8432,0.0251,6.5776,0.2012,6.5888,0.1988,0.3250
5,167,2.8296,0.0162,2.8343,0.0190,6.5535,0.2059,6.5660,0.2039,0.3250
6,200,2.8196,0.0073,2.8244,0.0114,6.5315,0.2155,6.5424,0.2112,0.3250
7,234,2.8092,-0.0013,2.8141,0.0031,6.5078,0.2242,6.5181,0.2193,0.3250
8,267,2.8038,-0.0056,2.8054,-0.0038,6.4950,0.2285,6.4979,0.2262,0.3250
9,300,2.7964,-0.0091,2.7972,-0.0095,6.4739,0.2297,6.4773,0.2311,0.3250
10,334,2.7878,-0.0161,2.7888,-0.0157,6.4538,0.2367,6.4567,0.2366,0.3250
11,367,2.7760,-0.0196,2.7794,-0.0210,6.4167,0.2349,6.4310,0.2399,0.3250
12,400,2.7646,-0.0244,2.7693,-0.0262,6.3831,0.2356,6.4027,0.2423,0.3250
13,434,2.7585,-0.0266,2.7602,-0.0305,6.3643,0.2354,6.3767,0.2439,0.3250
14,467,2.7485,-0.0272,2.7509,-0.0338,6.3294,0.2295,6.3482,0.2435,0.3250
15,500,2.7385,-0.0293,2.7413,-0.0367,6.2964,0.2262,6.3183,0.2421,0.3250
16,534,2.7262,-0.0301,2.7311,-0.0389,6.2528,0.2187,6.2848,0.2390,0.3250
17,567,2.7124,-0.0295,2.7200,-0.0405,6.2021,0.2078,6.2470,0.2339,0.3250
18,601,2.7048,-0.0289,2.7095,-0.0413,6.1738,0.2012,6.2106,0.2281,0.3250
19,634,2.6944,-0.0288,2.6990,-0.0418,6.1359,0.1935,6.1733,0.2214,0.3250
20,667,2.6890,-0.0275,2.6895,-0.0418,6.1142,0.1872,6.1387,0.2145,0.3250
21,701,2.6799,-0.0287,2.6800,-0.0417,6.0832,0.1830,6.1045,0.2076,0.3250
22,734,2.6797,-0.0295,2.6724,-0.0417,6.0838,0.1844,6.0768,0.2020,0.3250
23,767,2.6807,-0.0299,2.6666,-0.0415,6.0881,0.1859,6.0556,0.1975,0.3250
24,801,2.6776,-0.0301,2.6616,-0.0412,6.0772,0.1839,6.0368,0.1933,0.3250
25,834,2.6672,-0.0300,2.6558,-0.0407,6.0392,0.1763,6.0151,0.1883,0.3250
26,868,2.6544,-0.0298,2.6489,-0.0401,5.9928,0.1668,5.9891,0.1823,0.3250
27,901,2.6202,-0.0284,2.6369,-0.0392,5.8664,0.1394,5.9442,0.1719,0.3250
28,934,2.5995,-0.0274,2.6230,-0.0381,5.7903,0.1229,5.8921,0.1598,0.3250
29,968,2.6389,-0.0285,2.6186,-0.0372,5.9342,0.1531,5.8748,0.1549,0.3250
30,1001,2.6573,-0.0280,2.6188,-0.0362,6.0001,0.1653,5.8740,0.1532,0.3250
31,1034,2.6604,-0.0276,2.6203,-0.0351,6.0107,0.1669,5.8777,0.1523,0.3250
32,1068,2.6552,-0.0262,2.6213,-0.0339,5.9899,0.1606,5.8793,0.1507,0.3250
33,1101,2.6516,-0.0255,2.6221,-0.0326,5.9755,0.1565,5.8801,0.1488,0.3250
34,1134,2.6424,-0.0228,2.6215,-0.0309,5.9382,0.1450,5.8755,0.1453,0.3250
35,1168,2.6300,-0.0202,2.6192,-0.0289,5.8889,0.1311,5.8639,0.1398,0.3250
36,1201,2.6157,-0.0165,2.6149,-0.0264,5.8315,0.1140,5.8443,0.1321,0.3250
37,1235,2.5985,-0.0134,2.6082,-0.0237,5.7643,0.0958,5.8156,0.1220,0.3250
38,1268,2.5884,-0.0118,2.6007,-0.0209,5.7252,0.0854,5.7840,0.1114,0.3250
39,1301,2.5767,-0.0100,2.5921,-0.0181,5.6799,0.0737,5.7487,0.1001,0.3250
40,1335,2.5662,-0.0091,2.5829,-0.0156,5.6404,0.0645,5.7113,0.0886,0.3250
41,1368,2.5205,-0.0098,2.5666,-0.0135,5.4762,0.0330,5.6489,0.0730,0.3250
42,1401,2.4975,-0.0105,2.5482,-0.0118,5.3941,0.0177,5.5795,0.0567,0.3250
43,1435,2.4853,-0.0110,2.5299,-0.0106,5.3504,0.0098,5.5114,0.0412,0.3250
44,1468,2.4778,-0.0155,2.5128,-0.0104,5.3308,0.0131,5.4492,0.0285,0.3250
45,1502,2.4508,-0.0202,2.4932,-0.0112,5.2405,0.0025,5.3794,0.0160,0.3250
46,1535,2.4358,-0.0228,2.4736,-0.0126,5.1904,-0.0033,5.3107,0.0045,0.3250
47,1568,2.4366,-0.0242,2.4571,-0.0141,5.1956,-0.0000,5.2534,-0.0045,0.3250
48,1602,2.4392,-0.0248,2.4438,-0.0157,5.2057,0.0029,5.2077,-0.0111,0.3250
49,1635,2.4424,-0.0291,2.4334,-0.0179,5.2242,0.0133,5.1739,-0.0142,0.3250
50,1668,2.4516,-0.0336,2.4269,-0.0208,5.2645,0.0283,5.1550,-0.0135,0.3250
51,1702,2.4581,-0.0355,2.4234,-0.0238,5.2913,0.0366,5.1467,-0.0105,0.3250
52,1735,2.4627,-0.0400,2.4220,-0.0272,5.3149,0.0483,5.1472,-0.0050,0.3250
53,1768,2.4655,-0.0412,2.4221,-0.0305,5.3272,0.0527,5.1531,0.0014,0.3250
54,1802,2.4630,-0.0436,2.4227,-0.0338,5.3219,0.0554,5.1602,0.0080,0.3250
55,1835,2.3870,-0.0485,2.4098,-0.0376,5.0547,0.0101,5.1196,0.0058,0.3250
56,1869,2.4104,-0.0524,2.4031,-0.0416,5.1454,0.0342,5.1019,0.0087,0.3250
57,1902,2.4223,-0.0564,2.4001,-0.0459,5.1949,0.0502,5.0977,0.0145,0.3250
58,1935,2.4287,-0.0583,2.3992,-0.0499,5.2210,0.0584,5.1010,0.0214,0.3250
59,1969,2.4331,-0.0579,2.3999,-0.0532,5.2363,0.0609,5.1088,0.0282,0.3250
60,2002,2.4339,-0.0605,2.4012,-0.0565,5.2433,0.0662,5.1188,0.0353,0.3250
61,2035,2.4344,-0.0627,2.4030,-0.0597,5.2486,0.0708,5.1304,0.0426,0.3250
62,2069,2.4346,-0.0648,2.4051,-0.0627,5.2527,0.0749,5.1428,0.0498,0.3250
63,2102,2.4347,-0.0658,2.4074,-0.0654,5.2546,0.0768,5.1553,0.0565,0.3250
64,2135,2.4347,-0.0661,2.4098,-0.0676,5.2550,0.0774,5.1675,0.0624,0.3250
65,2169,2.4346,-0.0671,2.4122,-0.0696,5.2563,0.0792,5.1794,0.0679,0.3250
66,2202,2.3677,-0.0660,2.4022,-0.0710,5.0126,0.0292,5.1454,0.0633,0.3250
67,2236,2.3240,-0.0651,2.3853,-0.0719,4.8530,-0.0039,5.0856,0.0528,0.3250
68,2269,2.2930,-0.0643,2.3647,-0.0723,4.7396,-0.0276,5.0116,0.0388,0.3250
69,2302,2.3524,-0.0645,2.3574,-0.0725,4.9547,0.0152,4.9856,0.0340,0.3250
70,2336,2.3943,-0.0646,2.3593,-0.0725,5.1065,0.0456,4.9923,0.0354,0.3250
71,2369,2.3426,-0.0616,2.3518,-0.0719,4.9146,0.0028,4.9643,0.0288,0.3250
72,2402,2.3082,-0.0583,2.3392,-0.0705,4.7849,-0.0281,4.9165,0.0172,0.3250
73,2436,2.2874,-0.0563,2.3245,-0.0688,4.7064,-0.0467,4.8605,0.0034,0.3250
74,2469,2.3075,-0.0550,2.3155,-0.0669,4.7769,-0.0349,4.8249,-0.0066,0.3250
75,2502,2.3068,-0.0511,2.3078,-0.0645,4.7683,-0.0426,4.7934,-0.0167,0.3250
76,2536,2.3538,-0.0466,2.3105,-0.0613,4.9313,-0.0173,4.7979,-0.0208,0.3250
77,2569,2.4231,-0.0402,2.3264,-0.0573,5.1719,0.0203,4.8492,-0.0169,0.3250
78,2603,2.4506,-0.0364,2.3464,-0.0530,5.2653,0.0329,4.9145,-0.0107,0.3250
79,2636,2.4857,-0.0301,2.3710,-0.0480,5.3826,0.0463,4.9959,-0.0024,0.3250
80,2669,2.5115,-0.0205,2.3982,-0.0418,5.4606,0.0467,5.0842,0.0054,0.3250
81,2703,2.5287,-0.0121,2.4256,-0.0348,5.5096,0.0432,5.1723,0.0119,0.3250
82,2736,2.5403,-0.0046,2.4520,-0.0272,5.5394,0.0374,5.2560,0.0167,0.3250
83,2769,2.5445,-0.0010,2.4760,-0.0200,5.5489,0.0337,5.3313,0.0203,0.3250
84,2803,2.5531,0.0046,2.4984,-0.0127,5.5712,0.0293,5.4009,0.0226,0.3250
85,2836,2.5031,0.0118,2.5084,-0.0051,5.3788,-0.0202,5.4249,0.0155,0.3250
86,2870,2.5209,0.0257,2.5197,0.0040,5.4210,-0.0336,5.4514,0.0064,0.3250
87,2903,2.5491,0.0366,2.5342,0.0139,5.5058,-0.0339,5.4882,-0.0017,0.3250
88,2936,2.5667,0.0421,2.5496,0.0234,5.5606,-0.0317,5.5287,-0.0086,0.3250
89,2970,2.5809,0.0487,2.5651,0.0327,5.6015,-0.0339,5.5698,-0.0150,0.3250
90,3003,2.5491,0.0655,2.5720,0.0437,5.4598,-0.0884,5.5776,-0.0307,0.3250
91,3036,2.5775,0.0816,2.5826,0.0560,5.5371,-0.0982,5.5960,-0.0465,0.3250
92,3070,2.5999,0.0956,2.5952,0.0692,5.5958,-0.1085,5.6208,-0.0622,0.3250
93,3103,2.6130,0.1026,2.6080,0.0817,5.6322,-0.1122,5.6473,-0.0766,0.3250
94,3136,2.5951,0.1087,2.6152,0.0935,5.5575,-0.1367,5.6546,-0.0935,0.3250
95,3170,2.5869,0.1188,2.6191,0.1052,5.5116,-0.1616,5.6501,-0.1128,0.3250
96,3203,2.5481,0.1298,2.6145,0.1170,5.3537,-0.2101,5.6144,-0.1385,0.3250
97,3237,2.5262,0.1398,2.6053,0.1288,5.2587,-0.2447,5.5626,-0.1671,0.3250
98,3270,2.5136,0.1445,2.5941,0.1394,5.2057,-0.2625,5.5048,-0.1953,0.3250
99,3303,2.5113,0.1531,2.5829,0.1498,5.1836,-0.2805,5.4479,-0.2228,0.3250
100,3337,2.5138,0.1892,2.5736,0.1647,5.1351,-0.3466,5.3904,-0.2577,0.3250
101,3370,2.5910,0.2176,2.5785,0.1826,5.3692,-0.3448,5.3798,-0.2877,0.3250
102,3403,2.6509,0.2350,2.5935,0.2010,5.5586,-0.3344,5.4048,-0.3116,0.3250
103,3437,2.6902,0.2438,2.6140,0.2183,5.6867,-0.3228,5.4514,-0.3296,0.3250
104,3470,2.7222,0.2483,2.6380,0.2339,5.7955,-0.3083,5.5137,-0.3416,0.3250
105,3504,2.7468,0.2503,2.6637,0.2472,5.8814,-0.2944,5.5854,-0.3482,0.3250
106,3537,2.7642,0.2822,2.6902,0.2642,5.8933,-0.3421,5.6544,-0.3611,0.3250
107,3570,2.7796,0.3050,2.7160,0.2825,5.9130,-0.3738,5.7186,-0.3772,0.3250
108,3604,2.7863,0.3166,2.7394,0.3001,5.9186,-0.3910,5.7753,-0.3935,0.3250
109,3637,2.7950,0.3279,2.7609,0.3167,5.9323,-0.4060,5.8266,-0.4094,0.3250
110,3670,2.8055,0.3380,2.7810,0.3324,5.9539,-0.4175,5.8744,-0.4245,0.3250
111,3704,2.8147,0.3497,2.7995,0.3474,5.9688,-0.4329,5.9175,-0.4395,0.3250
112,3737,2.7712,0.3546,2.8067,0.3606,5.8034,-0.4734,5.9225,-0.4591,0.3250
113,3770,2.7425,0.3557,2.8065,0.3714,5.6980,-0.4960,5.9046,-0.4796,0.3250
114,3804,2.7340,0.3627,2.8035,0.3811,5.6561,-0.5153,5.8782,-0.5001,0.3250
115,3837,2.7365,0.3723,2.8002,0.3905,5.6498,-0.5316,5.8513,-0.5202,0.3250
116,3871,2.8002,0.3936,2.8082,0.4018,5.8466,-0.5259,5.8624,-0.5357,0.3250
117,3904,2.8504,0.4140,2.8240,0.4146,5.9957,-0.5284,5.8991,-0.5485,0.3250
118,3937,2.8808,0.4251,2.8430,0.4271,6.0881,-0.5274,5.9481,-0.5584,0.3250
119,3971,2.8469,0.4333,2.8529,0.4388,5.9522,-0.5672,5.9651,-0.5732,0.3250
120,4004,2.8330,0.4454,2.8581,0.4504,5.8827,-0.6000,5.9657,-0.5914,0.3250
121,4037,2.8309,0.4604,2.8616,0.4626,5.8511,-0.6298,5.9587,-0.6118,0.3250
122,4071,2.8366,0.4742,2.8648,0.4750,5.8498,-0.6517,5.9508,-0.6329,0.3250
123,4104,2.8398,0.4808,2.8675,0.4863,5.8511,-0.6618,5.9426,-0.6522,0.3250
124,4137,2.8488,0.4945,2.8709,0.4980,5.8617,-0.6811,5.9361,-0.6718,0.3250
125,4171,2.8617,0.5109,2.8756,0.5104,5.8823,-0.7027,5.9333,-0.6919,0.3250
126,4204,2.9430,0.5374,2.8944,0.5256,6.1346,-0.6943,5.9772,-0.7069,0.3250
127,4238,2.9428,0.5530,2.9105,0.5410,6.1090,-0.7238,6.0112,-0.7244,0.3250
128,4271,2.9397,0.5600,2.9237,0.5551,6.0866,-0.7392,6.0365,-0.7414,0.3250
129,4304,2.9489,0.5807,2.9365,0.5705,6.0867,-0.7716,6.0580,-0.7613,0.3250
130,4338,2.9580,0.5984,2.9488,0.5865,6.0917,-0.7984,6.0770,-0.7827,0.3250
131,4371,2.9764,0.6152,2.9624,0.6029,6.1314,-0.8168,6.1001,-0.8038,0.3250
132,4404,2.9916,0.6324,2.9765,0.6197,6.1589,-0.8384,6.1246,-0.8253,0.3250
133,4438,2.9996,0.6408,2.9898,0.6352,6.1747,-0.8484,6.1482,-0.8448,0.3250
134,4471,3.0083,0.6510,3.0025,0.6498,6.1901,-0.8614,6.1708,-0.8632,0.3250
135,4504,3.0179,0.6616,3.0146,0.6637,6.2079,-0.8744,6.1928,-0.8806,0.3250
136,4538,3.0341,0.6736,3.0276,0.6771,6.2475,-0.8854,6.2184,-0.8967,0.3250
137,4571,3.1129,0.7006,3.0529,0.6931,6.4895,-0.8798,6.2845,-0.9086,0.3250
138,4605,3.1634,0.7164,3.0840,0.7091,6.6472,-0.8732,6.3715,-0.9165,0.3250
139,4638,3.1424,0.7204,3.1070,0.7231,6.5650,-0.8958,6.4326,-0.9262,0.3250
140,4671,3.1185,0.7239,3.1220,0.7350,6.4729,-0.9195,6.4677,-0.9380,0.3250
141,4705,3.1131,0.7526,3.1332,0.7499,6.4075,-0.9774,6.4847,-0.9579,0.3250
142,4738,3.1294,0.7782,3.1449,0.7667,6.4258,-1.0140,6.5004,-0.9812,0.3250
143,4771,3.1382,0.7920,3.1559,0.7833,6.4356,-1.0337,6.5135,-1.0045,0.3250
144,4805,3.1508,0.8059,3.1667,0.7995,6.4590,-1.0508,6.5271,-1.0272,0.3250
145,4838,3.1633,0.8188,3.1776,0.8152,6.4837,-1.0662,6.5414,-1.0491,0.3250
146,4872,3.1759,0.8307,3.1885,0.8303,6.5104,-1.0796,6.5568,-1.0697,0.3250
147,4905,3.2416,0.8550,3.2093,0.8471,6.7097,-1.0781,6.6053,-1.0864,0.3250
148,4938,3.2846,0.8687,3.2350,0.8635,6.8437,-1.0729,6.6725,-1.0988,0.3250
149,4972,3.3174,0.8801,3.2631,0.8790,6.9443,-1.0709,6.7491,-1.1079,0.3250
150,5005,3.3425,0.8921,3.2913,0.8940,7.0158,-1.0755,6.8277,-1.1157,0.3250
151,5038,3.3645,0.9077,3.3196,0.9090,7.0706,-1.0892,6.9061,-1.1237,0.3250
152,5072,3.3198,0.9066,3.3350,0.9209,6.9108,-1.1191,6.9429,-1.1352,0.3250
153,5105,3.2899,0.9040,3.3417,0.9299,6.8065,-1.1357,6.9527,-1.1473,0.3250
154,5138,3.2769,0.9067,3.3437,0.9372,6.7551,-1.1501,6.9484,-1.1596,0.3250
155,5172,3.2719,0.9130,3.3432,0.9438,6.7270,-1.1655,6.9361,-1.1723,0.3250
156,5205,3.2819,0.9232,3.3436,0.9506,6.7469,-1.1776,6.9267,-1.1848,0.3250
157,5239,3.2905,0.9326,3.3443,0.9573,6.7632,-1.1891,6.9186,-1.1970,0.3250
158,5272,3.2947,0.9372,3.3446,0.9632,6.7711,-1.1948,6.9103,-1.2079,0.3250
159,5305,3.2993,0.9424,3.3447,0.9684,6.7796,-1.2012,6.9025,-1.2177,0.3250
160,5339,3.3173,0.9527,3.3479,0.9746,6.8281,-1.2078,6.9042,-1.2269,0.3250
161,5372,3.3122,0.9556,3.3483,0.9792,6.8053,-1.2168,6.8982,-1.2354,0.3250
162,5405,3.3109,0.9585,3.3476,0.9830,6.7958,-1.2232,6.8897,-1.2431,0.3250
163,5439,3.3110,0.9598,3.3464,0.9859,6.7941,-1.2257,6.8808,-1.2494,0.3250
164,5472,3.3151,0.9625,3.3456,0.9883,6.8046,-1.2277,6.8739,-1.2545,0.3250
165,5506,3.3249,0.9655,3.3462,0.9904,6.8353,-1.2264,6.8727,-1.2580,0.3250
166,5539,3.3136,0.9653,3.3439,0.9913,6.7949,-1.2340,6.8631,-1.2614,0.3250
167,5572,3.3087,0.9652,3.3406,0.9916,6.7771,-1.2375,6.8506,-1.2643,0.3250
168,5606,3.3072,0.9653,3.3371,0.9914,6.7716,-1.2386,6.8381,-1.2664,0.3250
169,5639,3.3072,0.9652,3.3336,0.9907,6.7718,-1.2386,6.8268,-1.2676,0.3250
170,5672,3.3165,0.9688,3.3323,0.9907,6.7996,-1.2387,6.8221,-1.2685,0.3250
171,5706,3.3192,0.9701,3.3314,0.9904,6.8073,-1.2392,6.8192,-1.2687,0.3250
172,5739,3.3173,0.9698,3.3301,0.9898,6.8010,-1.2400,6.8155,-1.2684,0.3250
173,5772,3.3137,0.9689,3.3281,0.9887,6.7893,-1.2408,6.8100,-1.2677,0.3250
174,5806,3.3130,0.9700,3.3260,0.9876,6.7852,-1.2433,6.8044,-1.2671,0.3250
175,5839,3.3122,0.9691,3.3240,0.9862,6.7838,-1.2422,6.7991,-1.2660,0.3250
176,5873,3.3538,0.9792,3.3297,0.9866,6.9181,-1.2315,6.8191,-1.2626,0.3250
177,5906,3.3815,0.9859,3.3398,0.9880,7.0076,-1.2243,6.8536,-1.2580,0.3250
178,5939,3.3986,0.9915,3.3521,0.9901,7.0609,-1.2224,6.8945,-1.2532,0.3250
179,5973,3.4116,0.9941,3.3653,0.9923,7.1037,-1.2180,6.9389,-1.2479,0.3250
180,6006,3.4187,0.9954,3.3783,0.9945,7.1271,-1.2155,6.9825,-1.2426,0.3250
181,6039,3.4118,0.9933,3.3887,0.9958,7.1055,-1.2164,7.0181,-1.2376,0.3250
182,6073,3.4121,0.9932,3.3976,0.9968,7.1068,-1.2160,7.0485,-1.2331,0.3250
183,6106,3.4144,0.9938,3.4054,0.9976,7.1145,-1.2153,7.0757,-1.2291,0.3250
184,6139,3.4207,0.9953,3.4131,0.9985,7.1345,-1.2138,7.1021,-1.2253,0.3250
185,6173,3.4248,0.9964,3.4203,0.9994,7.1479,-1.2128,7.1267,-1.2218,0.3250
186,6206,3.4271,0.9970,3.4267,1.0002,7.1552,-1.2123,7.1485,-1.2187,0.3250
187,6240,3.4278,0.9972,3.4320,1.0008,7.1574,-1.2122,7.1667,-1.2160,0.3250
188,6273,3.4275,0.9971,3.4361,1.0012,7.1563,-1.2123,7.1811,-1.2138,0.3250
189,6306,3.4265,0.9969,3.4392,1.0014,7.1531,-1.2125,7.1917,-1.2121,0.3250
190,6340,3.4255,0.9966,3.4412,1.0015,7.1500,-1.2128,7.1991,-1.2107,0.3250
191,6373,3.4243,0.9963,3.4423,1.0014,7.1459,-1.2131,7.2034,-1.2096,0.3250
192,6406,3.4230,0.9960,3.4427,1.0011,7.1419,-1.2134,7.2050,-1.2089,0.3250
193,6440,3.4219,0.9957,3.4424,1.0008,7.1385,-1.2137,7.2045,-1.2085,0.3250
194,6473,3.4208,0.9955,3.4415,1.0003,7.1349,-1.2139,7.2021,-1.2082,0.3250
195,6506,3.4202,0.9953,3.4403,0.9999,7.1329,-1.2141,7.1985,-1.2082,0.3250
196,6540,3.4199,0.9952,3.4389,0.9994,7.1319,-1.2142,7.1941,-1.2083,0.3250
197,6573,3.4198,0.9952,3.4374,0.9989,7.1315,-1.2142,7.1893,-1.2085,0.3250
198,6607,3.4198,0.9952,3.4358,0.9984,7.1314,-1.2142,7.1842,-1.2088,0.3250
199,6640,3.4198,0.9952,3.4341,0.9980,7.1316,-1.2142,7.1791,-1.2091,0.3250
200,6673,3.4287,0.9975,3.4343,0.9980,7.1602,-1.2121,7.1797,-1.2090,0.3250
201,6707,3.4308,0.9980,3.4347,0.9981,7.1669,-1.2116,7.1809,-1.2089,0.3250
202,6740,3.4285,0.9974,3.4345,0.9981,7.1595,-1.2121,7.1803,-1.2090,0.3250
203,6773,3.4244,0.9964,3.4335,0.9978,7.1464,-1.2131,7.1770,-1.2093,0.3250
204,6807,3.4207,0.9954,3.4318,0.9975,7.1344,-1.2140,7.1716,-1.2098,0.3250
205,6840,3.4095,0.9926,3.4280,0.9965,7.0987,-1.2166,7.1590,-1.2108,0.3250
206,6874,3.4079,0.9922,3.4242,0.9956,7.0935,-1.2170,7.1469,-1.2118,0.3250
207,6907,3.4101,0.9927,3.4213,0.9949,7.1004,-1.2165,7.1373,-1.2127,0.3250
208,6940,3.4136,0.9936,3.4194,0.9945,7.1118,-1.2156,7.1311,-1.2132,0.3250
209,6974,3.4172,0.9945,3.4184,0.9943,7.1232,-1.2148,7.1279,-1.2136,0.3250
210,7007,3.4200,0.9952,3.4181,0.9943,7.1322,-1.2141,7.1268,-1.2138,0.3250
211,7040,3.4220,0.9972,3.4183,0.9947,7.1363,-1.2165,7.1268,-1.2143,0.3250
212,7074,3.4230,0.9976,3.4187,0.9951,7.1392,-1.2165,7.1276,-1.2149,0.3250
213,7107,3.4232,0.9977,3.4191,0.9955,7.1398,-1.2165,7.1285,-1.2153,0.3250
214,7140,3.4229,0.9976,3.4195,0.9959,7.1389,-1.2165,7.1293,-1.2157,0.3250
215,7174,3.4223,0.9982,3.4198,0.9963,7.1361,-1.2180,7.1296,-1.2163,0.3250
216,7207,3.4217,0.9984,3.4199,0.9967,7.1335,-1.2188,7.1295,-1.2170,0.3250
217,7241,3.4212,0.9977,3.4200,0.9970,7.1327,-1.2179,7.1294,-1.2175,0.3250
218,7274,3.4208,0.9972,3.4200,0.9971,7.1318,-1.2173,7.1291,-1.2177,0.3250
219,7307,3.4204,0.9977,3.4199,0.9973,7.1298,-1.2184,7.1286,-1.2181,0.3250
220,7341,3.4201,0.9972,3.4198,0.9974,7.1297,-1.2176,7.1282,-1.2183,0.3250
221,7374,3.4199,0.9976,3.4197,0.9975,7.1283,-1.2186,7.1277,-1.2186,0.3250
222,7407,3.4198,0.9978,3.4196,0.9977,7.1275,-1.2191,7.1271,-1.2189,0.3250
223,7441,3.4198,0.9980,3.4195,0.9978,7.1271,-1.2194,7.1265,-1.2193,0.3250
224,7474,3.4787,1.0132,3.4305,1.0008,7.3160,-1.2058,7.1613,-1.2170,0.3250
225,7508,3.5164,1.0230,3.4473,1.0052,7.4372,-1.1971,7.2151,-1.2134,0.3250
226,7541,3.5372,1.0283,3.4660,1.0102,7.5038,-1.1923,7.2750,-1.2092,0.3250
227,7574,3.5389,1.0287,3.4830,1.0146,7.5093,-1.1919,7.3293,-1.2054,0.3250
228,7608,3.5365,1.0281,3.4974,1.0184,7.5016,-1.1924,7.3756,-1.2022,0.3250
229,7641,3.5325,1.0271,3.5092,1.0215,7.4888,-1.1933,7.4134,-1.1995,0.3250
230,7674,3.4881,1.0156,3.5111,1.0220,7.3462,-1.2036,7.4193,-1.1991,0.3250
231,7708,3.4590,1.0081,3.5068,1.0209,7.2531,-1.2103,7.4055,-1.2001,0.3250
232,7741,3.4406,1.0048,3.4989,1.0191,7.1916,-1.2173,7.3799,-1.2024,0.3250
233,7774,3.4305,1.0031,3.4895,1.0171,7.1578,-1.2213,7.3491,-1.2053,0.3250
234,7808,3.4311,1.0037,3.4813,1.0154,7.1590,-1.2221,7.3220,-1.2081,0.3250
235,7841,3.4281,1.0032,3.4728,1.0136,7.1489,-1.2232,7.2942,-1.2108,0.3250
236,7875,3.4267,1.0029,3.4648,1.0119,7.1442,-1.2237,7.2677,-1.2134,0.3250
237,7908,3.4229,1.0019,3.4568,1.0102,7.1321,-1.2246,7.2415,-1.2158,0.3250
238,7941,3.4246,1.0023,3.4499,1.0087,7.1377,-1.2241,7.2191,-1.2179,0.3250
239,7975,3.4229,1.0018,3.4435,1.0072,7.1325,-1.2244,7.1983,-1.2198,0.3250
240,8008,3.4283,1.0010,3.4389,1.0058,7.1529,-1.2191,7.1840,-1.2204,0.3250
241,8041,3.4312,1.0004,3.4355,1.0045,7.1644,-1.2158,7.1738,-1.2203,0.3250
242,8075,3.4325,1.0000,3.4329,1.0032,7.1701,-1.2140,7.1663,-1.2198,0.3250
243,8108,3.4575,1.0053,3.4353,1.0031,7.2519,-1.2061,7.1752,-1.2179,0.3250
244,8141,3.4768,1.0110,3.4413,1.0041,7.3126,-1.2031,7.1952,-1.2155,0.3250
245,8175,3.4747,1.0111,3.4464,1.0050,7.3049,-1.2048,7.2122,-1.2136,0.3250
246,8208,3.4723,1.0109,3.4507,1.0059,7.2966,-1.2061,7.2263,-1.2122,0.3250
247,8242,3.4855,1.0146,3.4572,1.0074,7.3386,-1.2036,7.2474,-1.2104,0.3250
248,8275,3.4915,1.0163,3.4641,1.0091,7.3574,-1.2025,7.2696,-1.2086,0.3250
249,8308,3.4945,1.0165,3.4708,1.0106,7.3682,-1.2006,7.2915,-1.2067,0.3250
250,8342,3.4974,1.0161,3.4772,1.0119,7.3791,-1.1978,7.3127,-1.2045,0.3250
251,8375,3.4989,1.0158,3.4831,1.0130,7.3852,-1.1962,7.3323,-1.2023,0.3250
252,8408,3.4958,1.0146,3.4876,1.0137,7.3758,-1.1962,7.3475,-1.2004,0.3250
253,8442,3.4289,0.9959,3.4795,1.0110,7.1632,-1.2091,7.3226,-1.2010,0.3250
254,8475,3.3789,0.9808,3.4629,1.0057,7.0062,-1.2166,7.2709,-1.2031,0.3250
255,8508,3.3452,0.9695,3.4417,0.9989,6.9023,-1.2194,7.2048,-1.2055,0.3250
256,8542,3.3243,0.9627,3.4186,0.9916,6.8377,-1.2215,7.1331,-1.2082,0.3250
257,8575,3.3131,0.9570,3.3959,0.9839,6.8063,-1.2188,7.0629,-1.2101,0.3250
258,8609,3.3076,0.9527,3.3747,0.9764,6.7931,-1.2147,6.9981,-1.2111,0.3250
259,8642,3.3074,0.9497,3.3561,0.9692,6.7971,-1.2092,6.9422,-1.2110,0.3250
260,8675,3.3808,0.9632,3.3533,0.9655,7.0416,-1.1818,6.9382,-1.2059,0.3250
261,8709,3.4326,0.9732,3.3610,0.9642,7.2127,-1.1637,6.9681,-1.1980,0.3250
262,8742,3.4700,0.9713,3.3756,0.9629,7.3512,-1.1332,7.0228,-1.1852,0.3250
263,8775,3.4247,0.9466,3.3809,0.9576,7.2265,-1.1192,7.0505,-1.1713,0.3250
264,8809,3.4581,0.9428,3.3921,0.9523,7.3536,-1.0880,7.0995,-1.1533,0.3250
265,8842,3.4796,0.9399,3.4064,0.9473,7.4362,-1.0671,7.1594,-1.1335,0.3250
266,8876,3.4922,0.9389,3.4218,0.9428,7.4834,-1.0561,7.2220,-1.1142,0.3250
267,8909,3.4637,0.9300,3.4304,0.9375,7.3944,-1.0598,7.2619,-1.0979,0.3250
268,8942,3.4436,0.9185,3.4344,0.9309,7.3400,-1.0527,7.2869,-1.0826,0.3250
269,8976,3.4268,0.9125,3.4348,0.9242,7.2887,-1.0534,7.2989,-1.0697,0.3250
270,9009,3.4195,0.9062,3.4336,0.9174,7.2722,-1.0467,7.3056,-1.0577,0.3250
271,9042,3.4152,0.9029,3.4316,0.9110,7.2618,-1.0437,7.3085,-1.0471,0.3250
272,9076,3.4133,0.8955,3.4293,0.9042,7.2667,-1.0311,7.3109,-1.0360,0.3250
273,9109,3.4093,0.8894,3.4264,0.8974,7.2621,-1.0224,7.3111,-1.0253,0.3250
274,9142,3.4074,0.8836,3.4233,0.8907,7.2644,-1.0129,7.3108,-1.0148,0.3250
275,9176,3.4105,0.8781,3.4211,0.8840,7.2841,-1.0004,7.3134,-1.0038,0.3250
276,9209,3.4128,0.8755,3.4195,0.8780,7.2968,-0.9937,7.3172,-0.9936,0.3250
277,9243,3.4490,0.8774,3.4248,0.8734,7.4246,-0.9715,7.3435,-0.9812,0.3250
278,9276,3.4352,0.8690,3.4270,0.8682,7.3881,-0.9656,7.3597,-0.9698,0.3250
279,9309,3.4253,0.8614,3.4271,0.8625,7.3644,-0.9583,7.3692,-0.9591,0.3250
280,9343,3.4152,0.8531,3.4253,0.8563,7.3414,-0.9498,7.3725,-0.9487,0.3250
281,9376,3.4087,0.8485,3.4225,0.8504,7.3251,-0.9458,7.3717,-0.9396,0.3250
282,9409,3.4049,0.8436,3.4192,0.8446,7.3191,-0.9394,7.3691,-0.9310,0.3250
283,9443,3.3945,0.8006,3.4144,0.8321,7.3497,-0.8659,7.3717,-0.9109,0.3250
284,9476,3.3881,0.7708,3.4089,0.8158,7.3740,-0.8143,7.3778,-0.8841,0.3250
285,9510,3.3648,0.7407,3.3998,0.7961,7.3378,-0.7743,7.3761,-0.8536,0.3250
286,9543,3.3505,0.7242,3.3891,0.7760,7.3119,-0.7536,7.3693,-0.8234,0.3250
287,9576,3.3359,0.7127,3.3770,0.7565,7.2777,-0.7423,7.3565,-0.7954,0.3250
288,9610,3.2993,0.6999,3.3596,0.7374,7.1654,-0.7446,7.3240,-0.7719,0.3250
289,9643,3.3053,0.6927,3.3454,0.7198,7.1987,-0.7267,7.3006,-0.7490,0.3250
290,9676,3.3797,0.6948,3.3466,0.7053,7.4646,-0.6772,7.3282,-0.7208,0.3250
291,9710,3.4352,0.6990,3.3585,0.6940,7.6590,-0.6453,7.3889,-0.6910,0.3250
292,9743,3.3677,0.6808,3.3571,0.6816,7.4434,-0.6594,7.4040,-0.6685,0.3250
293,9776,3.3194,0.6645,3.3474,0.6684,7.2946,-0.6634,7.3899,-0.6506,0.3250
294,9810,3.2812,0.6501,3.3326,0.6550,7.1792,-0.6638,7.3577,-0.6360,0.3250
295,9843,3.2562,0.6383,3.3150,0.6418,7.1073,-0.6596,7.3149,-0.6238,0.3250
296,9877,3.2414,0.6321,3.2968,0.6297,7.0638,-0.6584,7.2680,-0.6142,0.3250
297,9910,3.2310,0.6265,3.2788,0.6188,7.0350,-0.6553,7.2205,-0.6066,0.3250
298,9943,3.2946,0.6333,3.2748,0.6115,7.2546,-0.6225,7.2175,-0.5957,0.3250
299,9977,3.3369,0.6354,3.2798,0.6064,7.4045,-0.5960,7.2438,-0.5824,0.3250
300,10010,3.2924,0.6193,3.2764,0.5994,7.2688,-0.5977,7.2424,-0.5718,0.3250
301,10043,3.2596,0.6089,3.2680,0.5923,7.1666,-0.6017,7.2236,-0.5643,0.3250
302,10077,3.2435,0.6002,3.2582,0.5851,7.1223,-0.5968,7.1992,-0.5580,0.3250
303,10110,3.2474,0.5519,3.2504,0.5704,7.2134,-0.5030,7.1946,-0.5358,0.3250
304,10143,3.3454,0.5734,3.2622,0.5624,7.5338,-0.4732,7.2502,-0.5122,0.3250
305,10177,3.4168,0.5877,3.2866,0.5587,7.7694,-0.4489,7.3442,-0.4877,0.3250
306,10210,3.4619,0.5983,3.3171,0.5581,7.9158,-0.4366,7.4555,-0.4648,0.3250
307,10244,3.4869,0.5994,3.3493,0.5587,8.0044,-0.4207,7.5714,-0.4427,0.3250
308,10277,3.4911,0.5962,3.3789,0.5593,8.0246,-0.4117,7.6774,-0.4226,0.3250
309,10310,3.4890,0.5872,3.4047,0.5588,8.0316,-0.3961,7.7718,-0.4031,0.3250
310,10344,3.4166,0.5663,3.4140,0.5550,7.8030,-0.4087,7.8114,-0.3893,0.3250
311,10377,3.3677,0.5535,3.4127,0.5498,7.6462,-0.4197,7.8147,-0.3805,0.3250
312,10410,3.3753,0.5447,3.4122,0.5440,7.6876,-0.3977,7.8222,-0.3699,0.3250
313,10444,3.4075,0.5398,3.4170,0.5384,7.8120,-0.3654,7.8487,-0.3559,0.3250
314,10477,3.4305,0.5326,3.4249,0.5325,7.9067,-0.3354,7.8867,-0.3391,0.3250
315,10510,3.4450,0.5250,3.4341,0.5263,7.9711,-0.3107,7.9297,-0.3209,0.3250
316,10544,3.4533,0.5211,3.4433,0.5205,8.0074,-0.2973,7.9723,-0.3034,0.3250
317,10577,3.4543,0.5132,3.4512,0.5144,8.0236,-0.2818,8.0108,-0.2861,0.3250
318,10611,3.3330,0.3722,3.4338,0.4815,7.8091,-0.1033,7.9998,-0.2368,0.3250
319,10644,3.2817,0.2982,3.4097,0.4407,7.7412,-0.0007,7.9776,-0.1771,0.3250
320,10677,3.3638,0.2538,3.4023,0.3949,8.1089,0.1418,8.0239,-0.0963,0.3250
321,10711,3.4188,0.2320,3.4063,0.3514,8.3430,0.2224,8.1076,-0.0114,0.3250
322,10744,3.3533,0.2082,3.3978,0.3106,8.1438,0.2202,8.1416,0.0592,0.3250
323,10777,3.2976,0.1887,3.3799,0.2718,7.9732,0.2169,8.1387,0.1195,0.3250
324,10811,3.2594,0.1754,3.3557,0.2354,7.8559,0.2145,8.1089,0.1707,0.3250
325,10844,3.2385,0.1588,3.3303,0.2016,7.8067,0.2308,8.0709,0.2161,0.3250
326,10878,3.2280,0.1519,3.3061,0.1722,7.7798,0.2363,8.0303,0.2542,0.3250
327,10911,3.3348,0.1499,3.3051,0.1475,8.1696,0.3168,8.0660,0.3000,0.3250
328,10944,3.4041,0.1387,3.3178,0.1254,8.4381,0.3875,8.1470,0.3507,0.3250
329,10978,3.4478,0.1242,3.3379,0.1049,8.6194,0.4462,8.2523,0.4036,0.3250
330,11011,3.4655,0.1087,3.3595,0.0858,8.7080,0.4881,8.3611,0.4553,0.3250
331,11044,3.4727,0.1005,3.3805,0.0691,8.7474,0.5088,8.4636,0.5018,0.3250
332,11078,3.4772,0.0843,3.4002,0.0531,8.7895,0.5425,8.5604,0.5460,0.3250
333,11111,3.4772,0.0680,3.4177,0.0376,8.8156,0.5733,8.6483,0.5877,0.3250
334,11144,3.4080,0.0493,3.4202,0.0221,8.5945,0.5587,8.6819,0.6186,0.3250
335,11178,3.3637,0.0281,3.4137,0.0061,8.4679,0.5668,8.6842,0.6442,0.3250
336,11211,3.3367,0.0174,3.4025,-0.0085,8.3871,0.5675,8.6668,0.6637,0.3250
337,11245,3.3215,0.0052,3.3893,-0.0222,8.3518,0.5798,8.6408,0.6800,0.3250
338,11278,3.3141,-0.0096,3.3759,-0.0356,8.3484,0.6023,8.6135,0.6955,0.3250
339,11311,3.3082,-0.0273,3.3627,-0.0493,8.3553,0.6314,8.5875,0.7118,0.3250
340,11345,3.3064,-0.0468,3.3506,-0.0636,8.3799,0.6668,8.5665,0.7301,0.3250
341,11378,3.3066,-0.0567,3.3399,-0.0768,8.3961,0.6855,8.5488,0.7473,0.3250
342,11411,3.3012,-0.0942,3.3296,-0.0941,8.4364,0.7523,8.5390,0.7725,0.3250
343,11445,3.3150,-0.1208,3.3232,-0.1131,8.5285,0.8122,8.5462,0.8038,0.3250
344,11478,3.2703,-0.1356,3.3099,-0.1315,8.3907,0.8081,8.5274,0.8288,0.3250
345,11512,3.3277,-0.1488,3.3087,-0.1490,8.6193,0.8741,8.5509,0.8609,0.3250
346,11545,3.3650,-0.1546,3.3150,-0.1643,8.7635,0.9118,8.5981,0.8943,0.3250
347,11578,3.3377,-0.1586,3.3160,-0.1774,8.6712,0.8997,8.6225,0.9196,0.3250
348,11612,3.3193,-0.1651,3.3138,-0.1888,8.6149,0.8988,8.6328,0.9396,0.3250
349,11645,3.2752,-0.1700,3.3040,-0.1987,8.4631,0.8764,8.6127,0.9510,0.3250
350,11678,3.2438,-0.1804,3.2895,-0.2080,8.3660,0.8734,8.5752,0.9582,0.3250
351,11712,3.2257,-0.1854,3.2735,-0.2160,8.3084,0.8699,8.5301,0.9618,0.3250
352,11745,3.2164,-0.1975,3.2579,-0.2242,8.2941,0.8861,8.4865,0.9661,0.3250
353,11778,3.2031,-0.2111,3.2418,-0.2329,8.2674,0.9020,8.4424,0.9709,0.3250
354,11812,3.2057,-0.2224,3.2286,-0.2417,8.2950,0.9253,8.4082,0.9779,0.3250
355,11845,3.2090,-0.2358,3.2179,-0.2509,8.3282,0.9528,8.3845,0.9877,0.3250
356,11879,3.2124,-0.2419,3.2097,-0.2593,8.3502,0.9667,8.3682,0.9976,0.3250
357,11912,3.2152,-0.2520,3.2036,-0.2677,8.3763,0.9877,8.3594,1.0091,0.3250
358,11945,3.2176,-0.2640,3.1993,-0.2765,8.4040,1.0120,8.3577,1.0224,0.3250
359,11979,3.2194,-0.2765,3.1964,-0.2857,8.4304,1.0369,8.3620,1.0377,0.3250
360,12012,3.2206,-0.2905,3.1948,-0.2956,8.4572,1.0642,8.3719,1.0553,0.3250
361,12045,3.2215,-0.2977,3.1941,-0.3049,8.4718,1.0783,8.3842,1.0723,0.3250
362,12079,3.1861,-0.3042,3.1875,-0.3137,8.3542,1.0651,8.3744,1.0841,0.3250
363,12112,3.2003,-0.3134,3.1848,-0.3223,8.4201,1.0926,8.3781,1.0982,0.3250
364,12145,3.2089,-0.3205,3.1843,-0.3304,8.4626,1.1122,8.3894,1.1133,0.3250
365,12179,3.1769,-0.3310,3.1786,-0.3390,8.3633,1.1090,8.3823,1.1253,0.3250
366,12212,3.1496,-0.3364,3.1692,-0.3468,8.2733,1.0996,8.3607,1.1333,0.3250
367,12246,3.1654,-0.3428,3.1637,-0.3541,8.3405,1.1229,8.3525,1.1432,0.3250
368,12279,3.1370,-0.3457,3.1543,-0.3605,8.2425,1.1081,8.3286,1.1484,0.3250
369,12312,3.1174,-0.3510,3.1427,-0.3665,8.1801,1.1041,8.2962,1.1513,0.3250
370,12346,3.0943,-0.3559,3.1286,-0.3719,8.1040,1.0967,8.2539,1.1514,0.3250
371,12379,3.0801,-0.3582,3.1139,-0.3765,8.0565,1.0908,8.2078,1.1495,0.3250
372,12412,3.0698,-0.3626,3.0993,-0.3807,8.0260,1.0917,8.1618,1.1470,0.3250
373,12446,3.0647,-0.3771,3.0858,-0.3864,8.0305,1.1153,8.1220,1.1480,0.3250
374,12479,3.0627,-0.3868,3.0740,-0.3926,8.0389,1.1322,8.0892,1.1513,0.3250
375,12512,3.0634,-0.3934,3.0643,-0.3988,8.0518,1.1450,8.0639,1.1560,0.3250
376,12546,3.0653,-0.3966,3.0567,-0.4044,8.0638,1.1525,8.0451,1.1610,0.3250
377,12579,3.0675,-0.3985,3.0509,-0.4092,8.0748,1.1575,8.0319,1.1658,0.3250
378,12613,3.0697,-0.4017,3.0469,-0.4135,8.0879,1.1652,8.0243,1.1711,0.3250
379,12646,3.0720,-0.4067,3.0444,-0.4177,8.1041,1.1762,8.0220,1.1772,0.3250
380,12679,3.0738,-0.4116,3.0433,-0.4218,8.1187,1.1869,8.0245,1.1842,0.3250
381,12713,3.0752,-0.4142,3.0432,-0.4255,8.1276,1.1926,8.0298,1.1910,0.3250
382,12746,3.0759,-0.4163,3.0440,-0.4286,8.1337,1.1972,8.0376,1.1974,0.3250
383,12779,3.0765,-0.4183,3.0453,-0.4312,8.1389,1.2014,8.0468,1.2034,0.3250
384,12813,3.0768,-0.4215,3.0470,-0.4338,8.1453,1.2077,8.0570,1.2094,0.3250
385,12846,3.0772,-0.4244,3.0488,-0.4362,8.1512,1.2134,8.0674,1.2153,0.3250
386,12880,3.0774,-0.4258,3.0508,-0.4383,8.1541,1.2161,8.0780,1.2207,0.3250
387,12913,3.0772,-0.4261,3.0531,-0.4397,8.1540,1.2167,8.0885,1.2250,0.3250
388,12946,3.0771,-0.4267,3.0554,-0.4408,8.1545,1.2176,8.0983,1.2285,0.3250
389,12980,3.0771,-0.4273,3.0576,-0.4415,8.1554,1.2188,8.1075,1.2315,0.3250
390,13013,3.0770,-0.4276,3.0598,-0.4418,8.1557,1.2192,8.1159,1.2337,0.3250
391,13046,3.0770,-0.4275,3.0618,-0.4419,8.1556,1.2191,8.1235,1.2352,0.3250
392,13080,3.0770,-0.4273,3.0638,-0.4416,8.1553,1.2188,8.1302,1.2361,0.3250
393,13113,3.0770,-0.4271,3.0657,-0.4411,8.1549,1.2183,8.1360,1.2365,0.3250
394,13146,3.0769,-0.4257,3.0674,-0.4401,8.1520,1.2155,8.1406,1.2359,0.3250
395,13180,3.0142,-0.4161,3.0574,-0.4373,7.9098,1.1525,8.1003,1.2235,0.3250
396,13213,2.9740,-0.4100,3.0412,-0.4336,7.7548,1.1122,8.0355,1.2048,0.3250
397,13247,2.9498,-0.4053,3.0223,-0.4292,7.6596,1.0859,7.9599,1.1829,0.3250
398,13280,2.9340,-0.4000,3.0025,-0.4242,7.5940,1.0647,7.8807,1.1594,0.3250
399,13313,2.9288,-0.3974,2.9842,-0.4192,7.5709,1.0560,7.8063,1.1368,0.3250
400,13347,2.9277,-0.3939,2.9680,-0.4140,7.5615,1.0486,7.7393,1.1154,0.3250
401,13380,2.9290,-0.3922,2.9542,-0.4091,7.5635,1.0463,7.6818,1.0964,0.3250
402,13413,2.9289,-0.3847,2.9426,-0.4036,7.5511,1.0321,7.6311,1.0777,0.3250
403,13447,2.9305,-0.3788,2.9331,-0.3975,7.5476,1.0223,7.5869,1.0593,0.3250
404,13480,2.9321,-0.3724,2.9255,-0.3912,7.5433,1.0113,7.5493,1.0420,0.3250
405,13514,2.9341,-0.3665,2.9199,-0.3844,7.5412,1.0017,7.5182,1.0251,0.3250
406,13547,2.9358,-0.3635,2.9159,-0.3780,7.5425,0.9973,7.4935,1.0102,0.3250
407,13580,2.9372,-0.3589,2.9133,-0.3716,7.5403,0.9895,7.4739,0.9964,0.3250
408,13614,2.9384,-0.3542,2.9118,-0.3654,7.5372,0.9816,7.4585,0.9835,0.3250
409,13647,2.9394,-0.3490,2.9113,-0.3591,7.5324,0.9725,7.4466,0.9713,0.3250
410,13680,2.9403,-0.3435,2.9115,-0.3528,7.5269,0.9627,7.4374,0.9595,0.3250
411,13714,2.9408,-0.3406,2.9123,-0.3469,7.5242,0.9577,7.4311,0.9491,0.3250
412,13747,2.9411,-0.3360,2.9136,-0.3412,7.5180,0.9492,7.4265,0.9392,0.3250
413,13780,2.9414,-0.3290,2.9152,-0.3351,7.5078,0.9363,7.4226,0.9289,0.3250
414,13814,2.9416,-0.3195,2.9169,-0.3283,7.4935,0.9186,7.4181,0.9174,0.3250
415,13847,2.9418,-0.3096,2.9189,-0.3208,7.4783,0.8999,7.4132,0.9046,0.3250
416,13881,2.9419,-0.3041,2.9209,-0.3134,7.4700,0.8897,7.4088,0.8921,0.3250
417,13914,2.9420,-0.2976,2.9231,-0.3060,7.4599,0.8775,7.4048,0.8797,0.3250
418,13947,2.9421,-0.2903,2.9252,-0.2984,7.4488,0.8638,7.4004,0.8670,0.3250
419,13981,2.9423,-0.2807,2.9272,-0.2904,7.4342,0.8460,7.3950,0.8533,0.3250
420,14014,2.9424,-0.2734,2.9292,-0.2822,7.4230,0.8322,7.3894,0.8394,0.3250
421,14047,2.9425,-0.2698,2.9311,-0.2748,7.4175,0.8256,7.3843,0.8268,0.3250
422,14081,2.9426,-0.2627,2.9329,-0.2673,7.4066,0.8122,7.3789,0.8139,0.3250
423,14114,2.9115,-0.2467,2.9289,-0.2583,7.2688,0.7599,7.3501,0.7941,0.3250
424,14147,2.8973,-0.2310,2.9228,-0.2478,7.1922,0.7201,7.3111,0.7700,0.3250
425,14181,2.9556,-0.2230,2.9279,-0.2374,7.3904,0.7468,7.3132,0.7540,0.3250
426,14214,3.0089,-0.2205,2.9428,-0.2281,7.5794,0.7804,7.3523,0.7472,0.3250
427,14248,3.0362,-0.2137,2.9612,-0.2192,7.6674,0.7872,7.4048,0.7436,0.3250
428,14281,3.0461,-0.2042,2.9793,-0.2100,7.6882,0.7764,7.4556,0.7394,0.3250
429,14314,3.0056,-0.1909,2.9877,-0.2000,7.5205,0.7222,7.4702,0.7266,0.3250
430,14348,2.9782,-0.1791,2.9899,-0.1895,7.4025,0.6804,7.4613,0.7084,0.3250
431,14381,2.9600,-0.1731,2.9880,-0.1797,7.3269,0.6560,7.4389,0.6885,0.3250
432,14414,2.9623,-0.1317,2.9863,-0.1636,7.2694,0.5796,7.4071,0.6571,0.3250
433,14448,2.9682,-0.0889,2.9855,-0.1419,7.2226,0.5032,7.3696,0.6155,0.3250
434,14481,2.9744,-0.0564,2.9857,-0.1171,7.1931,0.4465,7.3310,0.5690,0.3250
435,14514,2.9769,-0.0302,2.9862,-0.0910,7.1606,0.3990,7.2910,0.5202,0.3250
436,14548,2.9791,-0.0179,2.9868,-0.0664,7.1492,0.3775,7.2540,0.4742,0.3250
437,14581,3.0347,-0.0041,2.9975,-0.0428,7.3282,0.3913,7.2555,0.4376,0.3250
438,14615,3.0671,0.0141,3.0131,-0.0196,7.4167,0.3803,7.2746,0.4049,0.3250
439,14648,2.9777,0.0272,3.0102,0.0023,7.0724,0.2915,7.2296,0.3617,0.3250
440,14681,2.9085,0.0403,2.9947,0.0230,6.8009,0.2172,7.1405,0.3116,0.3250
441,14715,2.8644,0.0458,2.9723,0.0413,6.6323,0.1751,7.0302,0.2611,0.3250
442,14748,2.8562,0.0529,2.9501,0.0576,6.5914,0.1558,6.9240,0.2144,0.3250
443,14781,2.7297,0.0596,2.9067,0.0720,6.1230,0.0524,6.7437,0.1560,0.3250
444,14815,2.6581,0.0714,2.8550,0.0858,5.8450,-0.0211,6.5350,0.0931,0.3250
445,14848,2.7527,0.0804,2.8267,0.0984,6.1729,0.0297,6.4123,0.0490,0.3250
446,14882,2.8247,0.0862,2.8154,0.1094,6.4246,0.0706,6.3538,0.0201,0.3250
447,14915,2.8770,0.1412,2.8161,0.1281,6.5262,0.0045,6.3267,-0.0146,0.3250
448,14948,2.8939,0.1800,2.8209,0.1508,6.5257,-0.0565,6.3078,-0.0538,0.3250
449,14982,2.9351,0.2293,2.8343,0.1791,6.5962,-0.1197,6.3113,-0.0976,0.3250
450,15015,2.9298,0.2836,2.8457,0.2130,6.4908,-0.2258,6.2985,-0.1532,0.3250
451,15048,2.9230,0.3131,2.8553,0.2474,6.4191,-0.2863,6.2784,-0.2111,0.3250
452,15082,2.8821,0.3316,2.8567,0.2799,6.2415,-0.3505,6.2320,-0.2713,0.3250
453,15115,2.8636,0.3278,2.8550,0.3067,6.1806,-0.3565,6.1830,-0.3231,0.3250
454,15148,2.8490,0.3300,2.8511,0.3295,6.1244,-0.3711,6.1328,-0.3688,0.3250
455,15182,2.8400,0.3410,2.8463,0.3502,6.0744,-0.3983,6.0824,-0.4111,0.3250
456,15215,2.8352,0.3456,2.8413,0.3677,6.0495,-0.4105,6.0365,-0.4477,0.3250
457,15249,2.8354,0.3676,2.8372,0.3857,6.0152,-0.4517,5.9929,-0.4845,0.3250
458,15282,2.8849,0.3940,2.8430,0.4048,6.1523,-0.4660,5.9834,-0.5164,0.3250
459,15315,2.8788,0.4156,2.8472,0.4242,6.0958,-0.5111,5.9678,-0.5499,0.3250
460,15349,2.8681,0.4375,2.8493,0.4439,6.0222,-0.5600,5.9440,-0.5855,0.3250
461,15382,2.8605,0.4488,2.8500,0.4620,5.9769,-0.5866,5.9177,-0.6190,0.3250
462,15415,2.8405,0.4671,2.8471,0.4799,5.8753,-0.6355,5.8789,-0.6548,0.3250
463,15449,2.8435,0.4992,2.8451,0.5001,5.8350,-0.6938,5.8397,-0.6942,0.3250
464,15482,2.8282,0.5237,2.8408,0.5210,5.7408,-0.7508,5.7905,-0.7368,0.3250
465,15516,2.7944,0.5435,2.8311,0.5418,5.5867,-0.8125,5.7222,-0.7830,0.3250
466,15549,2.7718,0.5530,2.8183,0.5607,5.4898,-0.8466,5.6461,-0.8276,0.3250
467,15582,2.7690,0.5695,2.8064,0.5789,5.4536,-0.8796,5.5741,-0.8705,0.3250
468,15616,2.7707,0.6177,2.7964,0.6023,5.3828,-0.9693,5.5006,-0.9217,0.3250
469,15649,2.7712,0.6544,2.7878,0.6283,5.3263,-1.0380,5.4280,-0.9769,0.3250
470,15682,2.7802,0.6827,2.7820,0.6552,5.3138,-1.0847,5.3641,-1.0317,0.3250
471,15716,2.7863,0.6973,2.7783,0.6805,5.3125,-1.1079,5.3104,-1.0820,0.3250
472,15749,2.7855,0.7060,2.7752,0.7031,5.2959,-1.1249,5.2634,-1.1267,0.3250
473,15782,2.7843,0.7193,2.7727,0.7240,5.2705,-1.1508,5.2208,-1.1680,0.3250
474,15816,2.7829,0.7406,2.7706,0.7450,5.2316,-1.1919,5.1798,-1.2090,0.3250
475,15849,2.7764,0.7705,2.7679,0.7675,5.1603,-1.2529,5.1343,-1.2533,0.3250
476,15883,2.7723,0.7873,2.7651,0.7890,5.1187,-1.2875,5.0900,-1.2958,0.3250
477,15916,2.7192,0.7952,2.7534,0.8080,4.9138,-1.3404,5.0173,-1.3400,0.3250
478,15949,2.6834,0.8356,2.7369,0.8307,4.7201,-1.4423,4.9217,-1.3945,0.3250
479,15983,2.6595,0.8649,2.7182,0.8546,4.5870,-1.5145,4.8158,-1.4529,0.3250
480,16016,2.6447,0.8846,2.6990,0.8779,4.5017,-1.5624,4.7093,-1.5107,0.3250
481,16049,2.6367,0.8941,2.6809,0.8989,4.4578,-1.5859,4.6102,-1.5632,0.3250
482,16083,2.6330,0.9014,2.6645,0.9174,4.4328,-1.6023,4.5217,-1.6097,0.3250
483,16116,2.6320,0.9089,2.6504,0.9336,4.4172,-1.6172,4.4446,-1.6504,0.3250
484,16149,2.6323,0.9217,2.6385,0.9487,4.3979,-1.6411,4.3774,-1.6874,0.3250
485,16183,2.6334,0.9335,2.6288,0.9627,4.3831,-1.6626,4.3201,-1.7208,0.3250
486,16216,2.6352,0.9385,2.6213,0.9746,4.3819,-1.6705,4.2738,-1.7487,0.3250
487,16250,2.6367,0.9485,2.6156,0.9856,4.3712,-1.6884,4.2360,-1.7733,0.3250
488,16283,2.6376,0.9623,2.6116,0.9963,4.3527,-1.7136,4.2043,-1.7964,0.3250
489,16316,2.6379,0.9795,2.6088,1.0076,4.3262,-1.7459,4.1761,-1.8197,0.3250
490,16350,2.6381,0.9968,2.6070,1.0195,4.2992,-1.7784,4.1508,-1.8434,0.3250
491,16383,2.6383,1.0064,2.6061,1.0306,4.2851,-1.7962,4.1301,-1.8648,0.3250
492,16416,2.6383,1.0145,2.6060,1.0407,4.2720,-1.8116,4.1135,-1.8840,0.3250
493,16450,2.6380,1.0219,2.6064,1.0498,4.2592,-1.8257,4.1004,-1.9009,0.3250
494,16483,2.6375,1.0296,2.6073,1.0582,4.2453,-1.8405,4.0901,-1.9161,0.3250
495,16516,2.6365,1.0419,2.6083,1.0668,4.2219,-1.8643,4.0801,-1.9316,0.3250
496,16550,2.6359,1.0485,2.6095,1.0746,4.2092,-1.8773,4.0722,-1.9454,0.3250
497,16583,2.6354,1.0536,2.6109,1.0814,4.1993,-1.8873,4.0664,-1.9572,0.3250
498,16617,2.6350,1.0579,2.6124,1.0873,4.1909,-1.8957,4.0624,-1.9672,0.3250
499,16650,2.6346,1.0618,2.6140,1.0923,4.1833,-1.9032,4.0601,-1.9755,0.3250
500,16683,2.6344,1.0634,2.6156,1.0962,4.1802,-1.9063,4.0598,-1.9816,0.3250
501,16717,2.6344,1.0635,2.6173,1.0988,4.1798,-1.9066,4.0617,-1.9853,0.3250
502,16750,2.6342,1.0651,2.6189,1.1006,4.1766,-1.9098,4.0648,-1.9875,0.3250
503,16783,2.6352,1.0660,2.6206,1.1016,4.1788,-1.9108,4.0694,-1.9883,0.3250
504,16817,2.6353,1.0671,2.6224,1.1021,4.1775,-1.9127,4.0750,-1.9878,0.3250
505,16850,2.6349,1.0673,2.6240,1.1018,4.1758,-1.9133,4.0812,-1.9862,0.3250
506,16884,2.6345,1.0670,2.6254,1.1009,4.1746,-1.9131,4.0877,-1.9835,0.3250
507,16917,2.6341,1.0665,2.6266,1.0995,4.1740,-1.9125,4.0945,-1.9799,0.3250
508,16950,2.6338,1.0661,2.6278,1.0976,4.1738,-1.9118,4.1016,-1.9756,0.3250
509,16984,2.6340,1.0657,2.6288,1.0955,4.1748,-1.9111,4.1087,-1.9709,0.3250
510,17017,2.6341,1.0643,2.6298,1.0930,4.1774,-1.9084,4.1163,-1.9654,0.3250
511,17050,2.6341,1.0633,2.6307,1.0902,4.1790,-1.9065,4.1239,-1.9595,0.3250
512,17084,2.6341,1.0627,2.6314,1.0873,4.1800,-1.9053,4.1313,-1.9536,0.3250
513,17117,2.6342,1.0612,2.6321,1.0843,4.1826,-1.9025,4.1387,-1.9473,0.3250
514,17150,2.6341,1.0603,2.6327,1.0812,4.1838,-1.9008,4.1458,-1.9411,0.3250
515,17184,2.6343,1.0576,2.6333,1.0778,4.1890,-1.8956,4.1532,-1.9343,0.3250
516,17217,2.6345,1.0560,2.6338,1.0744,4.1924,-1.8923,4.1605,-1.9275,0.3250
517,17251,2.6348,1.0540,2.6343,1.0709,4.1966,-1.8884,4.1678,-1.9206,0.3250
518,17284,2.6352,1.0519,2.6348,1.0673,4.2012,-1.8841,4.1751,-1.9135,0.3250
519,17317,2.6361,1.0430,2.6353,1.0625,4.2187,-1.8668,4.1848,-1.9041,0.3250
520,17351,2.6369,1.0354,2.6360,1.0569,4.2338,-1.8518,4.1960,-1.8930,0.3250
521,17384,2.6374,1.0309,2.6366,1.0511,4.2427,-1.8430,4.2075,-1.8816,0.3250
522,17417,2.6380,1.0231,2.6372,1.0445,4.2574,-1.8278,4.2202,-1.8688,0.3250
523,17451,2.6390,1.0160,2.6379,1.0375,4.2721,-1.8139,4.2339,-1.8551,0.3250
524,17484,2.6394,1.0087,2.6386,1.0301,4.2853,-1.7998,4.2482,-1.8406,0.3250
525,17518,2.6407,1.0007,2.6394,1.0222,4.3027,-1.7837,4.2637,-1.8251,0.3250
526,17551,2.6412,0.9962,2.6401,1.0145,4.3119,-1.7748,4.2788,-1.8101,0.3250
527,17584,2.6420,0.9870,2.6409,1.0062,4.3290,-1.7571,4.2948,-1.7939,0.3250
528,17618,2.6428,0.9754,2.6417,0.9970,4.3505,-1.7346,4.3124,-1.7760,0.3250
529,17651,2.6439,0.9595,2.6426,0.9862,4.3799,-1.7039,4.3328,-1.7550,0.3250
530,17684,2.6450,0.9445,2.6436,0.9742,4.4079,-1.6748,4.3553,-1.7318,0.3250
531,17718,2.6456,0.9359,2.6445,0.9623,4.4236,-1.6583,4.3776,-1.7087,0.3250
532,17751,2.6463,0.9270,2.6454,0.9504,4.4402,-1.6410,4.3996,-1.6858,0.3250
533,17784,2.6469,0.9116,2.6462,0.9375,4.4669,-1.6116,4.4234,-1.6607,0.3250
534,17818,2.6477,0.8999,2.6471,0.9243,4.4885,-1.5890,4.4475,-1.6353,0.3250
535,17851,2.6486,0.8907,2.6480,0.9114,4.5065,-1.5709,4.4712,-1.6104,0.3250
536,17885,2.6493,0.8862,2.6488,0.8996,4.5160,-1.5620,4.4930,-1.5876,0.3250
537,17918,2.6499,0.8815,2.6496,0.8889,4.5259,-1.5526,4.5130,-1.5669,0.3250
538,17951,2.6506,0.8764,2.6504,0.8791,4.5363,-1.5426,4.5315,-1.5478,0.3250
539,17985,2.6512,0.8710,2.6512,0.8700,4.5471,-1.5320,4.5488,-1.5301,0.3250
540,18018,2.6517,0.8653,2.6519,0.8615,4.5583,-1.5208,4.5649,-1.5136,0.3250
541,18051,2.6520,0.8624,2.6526,0.8541,4.5638,-1.5152,4.5790,-1.4992,0.3250
542,18085,2.6521,0.8571,2.6531,0.8472,4.5726,-1.5051,4.5919,-1.4859,0.3250
543,18118,2.6511,0.8176,2.6533,0.8346,4.6316,-1.4315,4.6128,-1.4620,0.3250
544,18151,2.7095,0.7961,2.6640,0.8202,4.8773,-1.3492,4.6742,-1.4271,0.3250
545,18185,2.7743,0.7864,2.6854,0.8061,5.1273,-1.2843,4.7744,-1.3852,0.3250
546,18218,2.8187,0.7828,2.7125,0.7936,5.2937,-1.2457,4.8921,-1.3422,0.3250
547,18252,2.8464,0.7784,2.7416,0.7823,5.4013,-1.2174,5.0156,-1.3001,0.3250
548,18285,2.8572,0.7650,2.7704,0.7705,5.4615,-1.1846,5.1386,-1.2572,0.3250
549,18318,2.8652,0.7455,2.7966,0.7572,5.5215,-1.1421,5.2546,-1.2134,0.3250
550,18352,2.8778,0.7278,2.8210,0.7430,5.5953,-1.0997,5.3656,-1.1691,0.3250
551,18385,2.8814,0.7177,2.8427,0.7293,5.6246,-1.0780,5.4658,-1.1276,0.3250
552,18418,2.8802,0.7060,2.8609,0.7157,5.6387,-1.0569,5.5533,-1.0890,0.3250
553,18452,2.8446,0.6875,2.8701,0.7012,5.5393,-1.0476,5.6096,-1.0552,0.3250
554,18485,2.8164,0.6734,2.8724,0.6866,5.4598,-1.0412,5.6412,-1.0259,0.3250
555,18518,2.8263,0.6652,2.8748,0.6728,5.5086,-1.0187,5.6719,-0.9982,0.3250
556,18552,2.8153,0.6580,2.8740,0.6600,5.4802,-1.0130,5.6896,-0.9746,0.3250
557,18585,2.8301,0.6240,2.8746,0.6433,5.5880,-0.9384,5.7183,-0.9428,0.3250
558,18619,2.8690,0.5989,2.8813,0.6247,5.7687,-0.8632,5.7722,-0.9030,0.3250
559,18652,2.9854,0.5962,2.9085,0.6084,6.1943,-0.7746,5.8966,-0.8528,0.3250
560,18685,3.0658,0.5821,2.9470,0.5924,6.5080,-0.6902,6.0614,-0.7949,0.3250
561,18719,3.1136,0.5749,2.9892,0.5778,6.6924,-0.6424,6.2372,-0.7372,0.3250
562,18752,3.1382,0.5534,3.0301,0.5619,6.8157,-0.5842,6.4109,-0.6778,0.3250
563,18785,3.1568,0.5302,3.0701,0.5443,6.9199,-0.5272,6.5835,-0.6160,0.3250
564,18819,3.0815,0.4903,3.0893,0.5222,6.7109,-0.5062,6.6882,-0.5606,0.3250
565,18852,3.0093,0.4584,3.0930,0.4986,6.5002,-0.4978,6.7391,-0.5136,0.3250
566,18886,2.9519,0.4396,3.0846,0.4752,6.3222,-0.5038,6.7460,-0.4754,0.3250
567,18919,2.9163,0.4229,3.0688,0.4522,6.2202,-0.4977,6.7256,-0.4434,0.3250
568,18952,2.8960,0.4096,3.0493,0.4303,6.1677,-0.4873,6.6896,-0.4163,0.3250
569,18986,2.8515,0.3940,3.0230,0.4092,6.0315,-0.4900,6.6283,-0.3954,0.3250
570,19019,2.8216,0.3810,2.9907,0.3891,5.9439,-0.4869,6.5431,-0.3808,0.3250
571,19052,2.8109,0.3755,2.9593,0.3716,5.9140,-0.4842,6.4575,-0.3703,0.3250
572,19086,2.8090,0.3686,2.9307,0.3561,5.9179,-0.4727,6.3783,-0.3617,0.3250
573,19119,2.8149,0.3319,2.9063,0.3369,5.9980,-0.3991,6.3208,-0.3431,0.3250
574,19152,2.8224,0.3024,2.8862,0.3158,6.0719,-0.3383,6.2815,-0.3177,0.3250
575,19186,2.8426,0.2906,2.8727,0.2962,6.1641,-0.3014,6.2638,-0.2905,0.3250
576,19219,2.8553,0.2854,2.8631,0.2790,6.2180,-0.2827,6.2567,-0.2649,0.3250
577,19253,2.8713,0.2799,2.8580,0.2640,6.2846,-0.2608,6.2620,-0.2404,0.3250
578,19286,2.8778,0.2725,2.8552,0.2506,6.3201,-0.2422,6.2730,-0.2172,0.3250
579,19319,2.8901,0.2668,2.8555,0.2391,6.3737,-0.2227,6.2926,-0.1953,0.3250
580,19353,2.8930,0.2220,2.8573,0.2221,6.4554,-0.1363,6.3263,-0.1619,0.3250
581,19386,2.8974,0.1967,2.8603,0.2035,6.5116,-0.0855,6.3665,-0.1248,0.3250
582,19419,2.9145,0.1750,2.8666,0.1842,6.6081,-0.0322,6.4201,-0.0839,0.3250
583,19453,2.9292,0.1538,2.8754,0.1644,6.6952,0.0183,6.4834,-0.0403,0.3250
584,19486,2.9391,0.1345,2.8852,0.1445,6.7617,0.0616,6.5509,0.0043,0.3250
585,19520,2.9452,0.1142,2.8954,0.1243,6.8161,0.1042,6.6198,0.0495,0.3250
586,19553,2.9483,0.1042,2.9051,0.1058,6.8432,0.1254,6.6844,0.0913,0.3250
587,19586,2.9545,0.0903,2.9151,0.0882,6.8879,0.1560,6.7483,0.1316,0.3250
588,19620,2.9524,0.0745,2.9234,0.0709,6.9054,0.1843,6.8062,0.1701,0.3250
589,19653,2.9448,0.0574,2.9294,0.0538,6.9049,0.2109,6.8550,0.2067,0.3250
590,19686,2.9390,0.0246,2.9335,0.0338,6.9362,0.2685,6.9016,0.2473,0.3250
591,19720,2.9348,0.0065,2.9361,0.0140,6.9499,0.2996,6.9427,0.2865,0.3250
592,19753,2.9321,-0.0067,2.9378,-0.0047,6.9612,0.3227,6.9785,0.3230,0.3250
593,19786,2.9328,-0.0234,2.9391,-0.0231,6.9901,0.3545,7.0127,0.3586,0.3250
594,19820,2.9306,-0.0366,2.9397,-0.0406,7.0033,0.3778,7.0426,0.3919,0.3250
595,19853,2.9291,-0.0483,2.9398,-0.0569,7.0167,0.3989,7.0687,0.4226,0.3250
596,19887,2.9283,-0.0535,2.9394,-0.0710,7.0217,0.4080,7.0900,0.4489,0.3250
597,19920,2.9278,-0.0617,2.9389,-0.0837,7.0329,0.4230,7.1081,0.4724,0.3250
598,19953,2.9301,-0.0733,2.9386,-0.0957,7.0600,0.4466,7.1264,0.4949,0.3250
599,19987,2.9291,-0.0882,2.9381,-0.1079,7.0801,0.4740,7.1439,0.5175,0.3250
600,20020,2.9312,-0.1030,2.9379,-0.1202,7.1112,0.5033,7.1626,0.5405,0.3250
601,20053,2.9325,-0.1106,2.9378,-0.1313,7.1281,0.5186,7.1801,0.5614,0.3250
602,20087,2.9332,-0.1230,2.9378,-0.1423,7.1503,0.5424,7.1975,0.5820,0.3250
603,20120,2.9388,-0.1352,2.9387,-0.1531,7.1897,0.5693,7.2180,0.6030,0.3250
604,20153,2.7907,-0.1450,2.9125,-0.1634,6.6693,0.4815,7.1397,0.6037,0.3250
605,20187,2.6979,-0.1598,2.8718,-0.1742,6.3568,0.4427,7.0095,0.5948,0.3250
606,20220,2.6433,-0.1661,2.8253,-0.1839,6.1694,0.4154,6.8566,0.5797,0.3250
607,20254,2.6135,-0.2000,2.7782,-0.1978,6.1155,0.4579,6.7081,0.5719,0.3250
608,20287,2.5998,-0.2205,2.7343,-0.2128,6.0985,0.4866,6.5733,0.5688,0.3250
609,20320,2.5957,-0.2343,2.6953,-0.2278,6.1059,0.5098,6.4557,0.5690,0.3250
610,20354,2.7312,-0.2543,2.6864,-0.2439,6.6281,0.6447,6.4491,0.5928,0.3250
611,20387,2.8289,-0.2659,2.6979,-0.2593,7.0001,0.7367,6.5156,0.6302,0.3250
612,20420,2.9207,-0.2770,2.7272,-0.2740,7.3499,0.8233,6.6448,0.6789,0.3250
613,20454,2.9806,-0.2872,2.7654,-0.2880,7.5832,0.8857,6.8053,0.7326,0.3250
614,20487,3.0146,-0.2843,2.8067,-0.2988,7.7015,0.9046,6.9721,0.7827,0.3250
615,20520,3.0326,-0.2947,2.8477,-0.3093,7.7833,0.9370,7.1371,0.8319,0.3250
616,20554,3.0383,-0.2999,2.8856,-0.3185,7.8122,0.9509,7.2891,0.8765,0.3250
617,20587,3.1081,-0.3101,2.9342,-0.3274,8.0813,1.0204,7.4793,0.9281,0.3250
618,20621,3.1210,-0.3170,2.9779,-0.3358,8.1388,1.0426,7.6507,0.9752,0.3250
619,20654,3.1260,-0.3259,3.0171,-0.3439,8.1712,1.0629,7.8054,1.0185,0.3250
620,20687,3.1388,-0.3359,3.0536,-0.3519,8.2333,1.0910,7.9506,1.0600,0.3250
621,20721,3.0947,-0.3365,3.0766,-0.3585,8.0746,1.0604,8.0441,1.0888,0.3250
622,20754,3.0729,-0.3388,3.0918,-0.3638,7.9994,1.0490,8.1076,1.1097,0.3250
623,20787,3.0946,-0.3470,3.1078,-0.3691,8.0909,1.0801,8.1739,1.1312,0.3250
624,20821,3.1108,-0.3547,3.1234,-0.3743,8.1621,1.1063,8.2389,1.1523,0.3250
625,20854,3.1221,-0.3600,3.1380,-0.3791,8.2112,1.1243,8.2993,1.1718,0.3250
626,20888,3.1285,-0.3623,3.1508,-0.3831,8.2381,1.1333,8.3518,1.1885,0.3250
627,20921,3.1243,-0.3662,3.1603,-0.3869,8.2291,1.1376,8.3923,1.2025,0.3250
628,20954,3.1089,-0.3686,3.1646,-0.3901,8.1771,1.1310,8.4132,1.2116,0.3250
629,20988,3.1005,-0.3714,3.1656,-0.3928,8.1512,1.1303,8.4211,1.2174,0.3250
630,21021,3.1005,-0.3756,3.1652,-0.3954,8.1579,1.1382,8.4236,1.2219,0.3250
631,21054,3.1007,-0.3777,3.1636,-0.3975,8.1622,1.1424,8.4213,1.2248,0.3250
632,21088,3.1039,-0.3801,3.1617,-0.3993,8.1772,1.1490,8.4172,1.2267,0.3250
633,21121,3.1071,-0.3836,3.1598,-0.4010,8.1947,1.1581,8.4131,1.2287,0.3250
634,21154,3.1115,-0.3869,3.1580,-0.4028,8.2157,1.1674,8.4094,1.2307,0.3250
635,21188,3.1369,-0.3923,3.1603,-0.4048,8.3162,1.1957,8.4207,1.2361,0.3250
636,21221,3.1532,-0.3953,3.1646,-0.4068,8.3799,1.2131,8.4397,1.2430,0.3250
637,21255,3.1628,-0.3979,3.1697,-0.4087,8.4191,1.2250,8.4613,1.2503,0.3250
638,21288,3.1565,-0.3992,3.1727,-0.4103,8.3981,1.2228,8.4744,1.2554,0.3250
639,21321,3.1672,-0.4025,3.1767,-0.4120,8.4422,1.2368,8.4916,1.2614,0.3250
640,21355,3.1741,-0.4031,3.1811,-0.4133,8.4683,1.2429,8.5095,1.2671,0.3250
641,21388,3.1783,-0.4032,3.1853,-0.4142,8.4834,1.2460,8.5262,1.2718,0.3250
642,21421,3.1805,-0.4024,3.1890,-0.4146,8.4901,1.2460,8.5403,1.2752,0.3250
643,21455,3.1816,-0.3913,3.1921,-0.4127,8.4765,1.2259,8.5485,1.2738,0.3250
644,21488,3.1877,-0.3823,3.1955,-0.4091,8.4840,1.2133,8.5552,1.2695,0.3250
645,21522,3.1938,-0.3925,3.1993,-0.4075,8.5224,1.2370,8.5664,1.2693,0.3250
646,21555,3.1972,-0.3989,3.2029,-0.4071,8.5451,1.2514,8.5789,1.2711,0.3250
647,21588,3.2018,-0.4038,3.2066,-0.4075,8.5696,1.2641,8.5929,1.2745,0.3250
648,21622,3.2072,-0.4078,3.2105,-0.4085,8.5952,1.2753,8.6086,1.2792,0.3250
649,21655,3.2101,-0.4100,3.2142,-0.4097,8.6095,1.2816,8.6238,1.2841,0.3250
650,21688,3.2234,-0.4148,3.2195,-0.4116,8.6653,1.3003,8.6461,1.2914,0.3250
651,21722,3.2317,-0.4176,3.2255,-0.4137,8.6996,1.3115,8.6709,1.2996,0.3250
652,21755,3.2367,-0.4191,3.2314,-0.4157,8.7201,1.3179,8.6955,1.3077,0.3250
653,21788,3.2631,-0.4249,3.2411,-0.4185,8.8248,1.3477,8.7352,1.3200,0.3250
654,21822,3.2736,-0.4276,3.2513,-0.4214,8.8671,1.3603,8.7768,1.3328,0.3250
655,21855,3.2760,-0.4285,3.2606,-0.4241,8.8775,1.3639,8.8145,1.3444,0.3250
656,21889,3.2762,-0.4287,3.2684,-0.4264,8.8784,1.3644,8.8466,1.3543,0.3250
657,21922,3.3126,-0.4328,3.2818,-0.4290,9.0168,1.3982,8.8991,1.3689,0.3250
658,21955,3.3050,-0.4317,3.2917,-0.4311,8.9874,1.3906,8.9383,1.3799,0.3250
659,21989,3.2980,-0.4306,3.2988,-0.4326,8.9603,1.3836,8.9665,1.3878,0.3250
660,22022,3.3973,-0.4417,3.3235,-0.4358,9.3373,1.4757,9.0611,1.4117,0.3250
661,22055,3.4595,-0.4486,3.3566,-0.4399,9.5737,1.5334,9.1871,1.4430,0.3250
662,22089,3.4313,-0.4452,3.3795,-0.4426,9.4661,1.5068,9.2745,1.4647,0.3250
663,22122,3.4852,-0.4506,3.4098,-0.4460,9.6699,1.5555,9.3894,1.4927,0.3250
664,22155,3.5168,-0.4537,3.4416,-0.4494,9.7892,1.5841,9.5101,1.5220,0.3250
665,22189,3.5375,-0.4572,3.4727,-0.4528,9.8696,1.6055,9.6283,1.5509,0.3250
666,22222,3.4430,-0.4482,3.4821,-0.4542,9.5133,1.5208,9.6641,1.5600,0.3250
667,22256,3.3732,-0.4427,3.4766,-0.4541,9.2517,1.4603,9.6443,1.5561,0.3250
668,22289,3.3268,-0.4389,3.4618,-0.4532,9.0778,1.4198,9.5894,1.5437,0.3250
669,22322,3.2927,-0.4358,3.4412,-0.4517,8.9496,1.3895,9.5121,1.5260,0.3250
670,22356,3.2730,-0.4326,3.4177,-0.4495,8.8731,1.3694,9.4238,1.5051,0.3250
671,22389,3.2691,-0.4302,3.3948,-0.4469,8.8551,1.3621,9.3369,1.4838,0.3250
672,22422,3.2691,-0.4277,3.3737,-0.4440,8.8512,1.3573,9.2556,1.4632,0.3250
673,22456,3.2717,-0.4263,3.3549,-0.4411,8.8583,1.3566,9.1830,1.4442,0.3250
674,22489,3.2754,-0.4246,3.3387,-0.4382,8.8690,1.3560,9.1196,1.4270,0.3250
675,22522,3.3019,-0.4263,3.3291,-0.4358,8.9676,1.3783,9.0810,1.4156,0.3250
676,22556,3.0739,-0.3989,3.2841,-0.4294,8.0988,1.1630,8.9082,1.3713,0.3250
677,22589,3.1390,-0.4026,3.2504,-0.4235,8.3404,1.2167,8.7767,1.3360,0.3250
678,22623,3.1851,-0.4057,3.2295,-0.4190,8.5120,1.2556,8.6939,1.3125,0.3250
679,22656,3.0012,-0.3833,3.1817,-0.4115,7.8105,1.0814,8.5091,1.2641,0.3250
680,22689,3.0995,-0.3917,3.1537,-0.4058,8.1800,1.1678,8.3986,1.2333,0.3250
681,22723,3.1449,-0.3942,3.1385,-0.4014,8.3480,1.2050,8.3367,1.2141,0.3250
682,22756,3.1765,-0.3951,3.1322,-0.3979,8.4639,1.2294,8.3082,1.2029,0.3250
683,22789,3.1975,-0.3960,3.1317,-0.3951,8.5414,1.2463,8.3020,1.1974,0.3250
684,22823,3.2260,-0.3973,3.1380,-0.3932,8.6467,1.2692,8.3216,1.1982,0.3250
685,22856,3.2222,-0.3948,3.1438,-0.3912,8.6290,1.2617,8.3395,1.1986,0.3250
686,22890,3.2167,-0.3925,3.1489,-0.3892,8.6054,1.2534,8.3548,1.1985,0.3250
687,22923,3.2114,-0.3905,3.1533,-0.3872,8.5831,1.2459,8.3676,1.1980,0.3250
688,22956,3.2063,-0.3893,3.1571,-0.3855,8.5628,1.2400,8.3784,1.1974,0.3250
689,22990,3.1966,-0.3875,3.1592,-0.3838,8.5249,1.2296,8.3834,1.1957,0.3250
690,23023,3.1924,-0.3880,3.1609,-0.3826,8.5103,1.2275,8.3876,1.1947,0.3250
691,23056,3.1829,-0.3884,3.1612,-0.3817,8.4764,1.2214,8.3872,1.1933,0.3250
692,23090,3.1741,-0.3890,3.1602,-0.3813,8.4457,1.2163,8.3829,1.1918,0.3250
693,23123,3.1690,-0.3901,3.1587,-0.3813,8.4289,1.2146,8.3775,1.1907,0.3250
694,23156,3.1431,-0.3901,3.1529,-0.3814,8.3352,1.1961,8.3568,1.1868,0.3250
695,23190,3.1276,-0.3920,3.1452,-0.3821,8.2822,1.1885,8.3298,1.1824,0.3250
696,23223,3.0578,-0.4779,3.1263,-0.3978,8.1661,1.3003,8.2867,1.1985,0.3250
697,23257,3.0063,-0.5264,3.1000,-0.4213,8.0568,1.3545,8.2289,1.2238,0.3250
698,23290,2.9735,-0.5532,3.0708,-0.4473,7.9811,1.3816,8.1646,1.2519,0.3250
699,23323,2.9552,-0.5583,3.0415,-0.4718,7.9228,1.3780,8.0974,1.2770,0.3250
700,23357,2.9501,-0.5521,3.0151,-0.4922,7.8944,1.3625,8.0343,1.2964,0.3250
701,23390,2.9534,-0.5397,2.9929,-0.5077,7.8868,1.3417,7.9786,1.3098,0.3250
702,23423,2.9741,-0.5269,2.9778,-0.5187,7.9410,1.3323,7.9415,1.3195,0.3250
703,23457,2.9900,-0.5178,2.9683,-0.5261,7.9843,1.3268,7.9190,1.3267,0.3250
704,23490,2.8877,-0.4911,2.9431,-0.5276,7.5715,1.2030,7.8300,1.3115,0.3250
705,23524,2.8241,-0.4687,2.9101,-0.5243,7.3056,1.1152,7.7053,1.2815,0.3250
706,23557,2.7850,-0.4507,2.8744,-0.5173,7.1356,1.0532,7.5650,1.2428,0.3250
707,23590,2.7615,-0.4369,2.8393,-0.5081,7.0285,1.0104,7.4231,1.2002,0.3250
708,23624,2.7499,-0.4294,2.8068,-0.4978,6.9744,0.9878,7.2892,1.1574,0.3250
709,23657,2.7442,-0.4205,2.7780,-0.4865,6.9398,0.9671,7.1672,1.1155,0.3250
710,23690,2.7442,-0.4151,2.7537,-0.4751,6.9310,0.9568,7.0611,1.0766,0.3250
711,23724,2.7465,-0.4107,2.7340,-0.4638,6.9324,0.9502,6.9716,1.0412,0.3250
712,23757,2.8590,-0.4207,2.7396,-0.4548,7.3556,1.0497,6.9775,1.0283,0.3250
713,23790,2.9344,-0.4281,2.7602,-0.4484,7.6403,1.1179,7.0421,1.0310,0.3250
714,23824,2.8792,-0.4194,2.7682,-0.4415,7.4267,1.0619,7.0600,1.0237,0.3250
715,23857,2.9437,-0.4249,2.7907,-0.4361,7.6688,1.1185,7.1329,1.0298,0.3250
716,23891,2.9846,-0.4271,2.8194,-0.4320,7.8204,1.1520,7.2300,1.0426,0.3250
717,23924,3.0091,-0.4258,2.8500,-0.4283,7.9069,1.1671,7.3350,1.0577,0.3250
718,23957,3.0222,-0.4252,2.8801,-0.4252,7.9534,1.1754,7.4390,1.0734,0.3250
719,23991,3.0278,-0.4214,2.9082,-0.4219,7.9677,1.1723,7.5355,1.0874,0.3250
720,24024,2.9392,-0.4042,2.9166,-0.4162,7.6193,1.0762,7.5568,1.0827,0.3250
721,24057,2.8953,-0.3918,2.9162,-0.4091,7.4409,1.0214,7.5443,1.0691,0.3250
722,24091,2.8460,-0.3788,2.9070,-0.4007,7.2418,0.9615,7.4975,1.0466,0.3250
723,24124,2.8145,-0.3711,2.8927,-0.3920,7.1155,0.9245,7.4319,1.0199,0.3250
724,24157,2.8934,-0.3734,2.8934,-0.3847,7.4047,0.9855,7.4229,1.0067,0.3250
725,24191,2.9481,-0.3726,2.9042,-0.3784,7.6013,1.0231,7.4518,1.0026,0.3250
726,24224,2.8918,-0.3597,2.9035,-0.3710,7.3772,0.9584,7.4374,0.9880,0.3250
727,24258,2.9703,-0.3583,2.9171,-0.3643,7.6590,1.0122,7.4761,0.9852,0.3250
728,24291,3.0228,-0.3585,2.9389,-0.3588,7.8492,1.0501,7.5460,0.9904,0.3250
729,24324,3.0731,-0.3576,2.9676,-0.3541,8.0299,1.0846,7.6427,1.0023,0.3250
730,24358,3.1008,-0.3520,2.9978,-0.3493,8.1216,1.0940,7.7444,1.0150,0.3250
731,24391,3.1040,-0.3424,3.0251,-0.3437,8.1177,1.0782,7.8343,1.0240,0.3250
732,24424,3.1002,-0.3308,3.0479,-0.3370,8.0857,1.0537,7.9061,1.0277,0.3250
733,24458,3.0946,-0.3241,3.0665,-0.3301,8.0546,1.0370,7.9625,1.0282,0.3250
734,24491,3.0936,-0.3153,3.0820,-0.3228,8.0369,1.0196,8.0071,1.0255,0.3250
735,24524,2.9713,-0.2946,3.0741,-0.3132,7.5612,0.8929,7.9631,1.0017,0.3250
736,24558,2.8847,-0.2754,3.0506,-0.3016,7.2173,0.7946,7.8593,0.9629,0.3250
737,24591,2.8294,-0.2611,3.0183,-0.2889,6.9942,0.7279,7.7224,0.9160,0.3250
738,24625,2.7971,-0.2534,2.9824,-0.2767,6.8650,0.6902,7.5730,0.8671,0.3250
739,24658,2.9143,-0.2547,2.9691,-0.2661,7.2916,0.7768,7.5081,0.8378,0.3250
740,24691,2.9551,-0.2480,2.9651,-0.2562,7.4284,0.7936,7.4778,0.8161,0.3250
741,24725,3.0195,-0.2406,2.9738,-0.2465,7.6499,0.8258,7.4938,0.8042,0.3250
742,24758,3.0650,-0.2300,2.9901,-0.2366,7.7977,0.8385,7.5369,0.7972,0.3250
743,24791,3.0930,-0.2244,3.0098,-0.2274,7.8900,0.8480,7.5936,0.7939,0.3250
744,24825,3.1087,-0.2154,3.0303,-0.2181,7.9327,0.8424,7.6530,0.7912,0.3250
745,24858,3.1160,-0.2060,3.0497,-0.2088,7.9442,0.8300,7.7084,0.7876,0.3250
746,24892,3.1235,-0.1956,3.0680,-0.1992,7.9544,0.8156,7.7597,0.7828,0.3250
747,24925,2.9986,-0.1793,3.0625,-0.1885,7.4764,0.6953,7.7225,0.7586,0.3250
748,24958,2.9075,-0.1697,3.0411,-0.1779,7.1316,0.6119,7.6281,0.7231,0.3250
749,24992,3.0065,-0.1684,3.0373,-0.1686,7.4878,0.6806,7.5995,0.7030,0.3250
750,25025,2.9193,-0.1574,3.0191,-0.1591,7.1546,0.5971,7.5185,0.6720,0.3250
751,25058,2.8570,-0.1463,2.9917,-0.1492,6.9114,0.5316,7.4037,0.6338,0.3250
752,25092,2.8168,-0.1360,2.9591,-0.1393,6.7495,0.4834,7.2700,0.5916,0.3250
753,25125,2.7938,-0.1305,2.9256,-0.1300,6.6578,0.4565,7.1340,0.5502,0.3250
754,25158,2.7802,-0.1249,2.8928,-0.1214,6.5994,0.4361,7.0015,0.5104,0.3250
755,25192,2.7749,-0.1186,2.8630,-0.1133,6.5704,0.4205,6.8806,0.4737,0.3250
756,25225,2.7724,-0.1122,2.8365,-0.1056,6.5511,0.4067,6.7725,0.4402,0.3250
757,25259,2.7759,-0.1065,2.8142,-0.0984,6.5546,0.3984,6.6804,0.4106,0.3250
758,25292,2.7805,-0.1036,2.7961,-0.0921,6.5668,0.3964,6.6048,0.3857,0.3250
759,25325,2.7855,-0.0995,2.7819,-0.0863,6.5782,0.3921,6.5441,0.3647,0.3250
760,25359,2.7901,-0.0954,2.7710,-0.0811,6.5881,0.3877,6.4964,0.3470,0.3250
761,25392,2.7939,-0.0914,2.7631,-0.0763,6.5956,0.3828,6.4604,0.3325,0.3250
762,25425,2.7970,-0.0873,2.7576,-0.0719,6.6003,0.3773,6.4333,0.3202,0.3250
763,25459,2.7991,-0.0852,2.7541,-0.0682,6.6046,0.3749,6.4148,0.3106,0.3250
764,25492,2.8005,-0.0834,2.7523,-0.0651,6.6067,0.3725,6.4033,0.3035,0.3250
765,25526,2.8013,-0.0806,2.7520,-0.0624,6.6053,0.3679,6.3979,0.2983,0.3250
766,25559,2.8018,-0.0772,2.7526,-0.0600,6.6015,0.3617,6.3963,0.2941,0.3250
767,25592,2.8018,-0.0743,2.7541,-0.0577,6.5971,0.3564,6.3979,0.2909,0.3250
768,25626,2.8019,-0.0729,2.7561,-0.0559,6.5950,0.3537,6.4022,0.2889,0.3250
769,25659,2.8018,-0.0702,2.7585,-0.0542,6.5904,0.3487,6.4083,0.2875,0.3250
770,25692,2.8015,-0.0668,2.7610,-0.0525,6.5839,0.3420,6.4147,0.2860,0.3250
771,25726,2.8012,-0.0628,2.7639,-0.0506,6.5764,0.3342,6.4222,0.2846,0.3250
772,25759,2.8009,-0.0595,2.7668,-0.0487,6.5704,0.3279,6.4296,0.2830,0.3250
773,25792,2.8011,-0.0578,2.7698,-0.0470,6.5684,0.3248,6.4378,0.2820,0.3250
774,25826,2.8015,-0.0550,2.7730,-0.0453,6.5653,0.3198,6.4466,0.2811,0.3250
775,25859,2.8000,-0.0524,2.7757,-0.0436,6.5559,0.3139,6.4538,0.2798,0.3250
776,25893,2.7989,-0.0491,2.7782,-0.0418,6.5466,0.3068,6.4598,0.2781,0.3250
777,25926,2.7983,-0.0472,2.7805,-0.0400,6.5412,0.3028,6.4653,0.2765,0.3250
778,25959,2.7978,-0.0463,2.7826,-0.0386,6.5379,0.3008,6.4707,0.2753,0.3250
779,25993,2.7975,-0.0435,2.7845,-0.0370,6.5325,0.2953,6.4752,0.2738,0.3250
780,26026,2.7972,-0.0414,2.7863,-0.0355,6.5282,0.2912,6.4792,0.2722,0.3250
781,26059,2.7970,-0.0404,2.7879,-0.0341,6.5256,0.2890,6.4829,0.2708,0.3250
782,26093,2.7966,-0.0399,2.7893,-0.0331,6.5237,0.2879,6.4863,0.2697,0.3250
783,26126,2.7965,-0.0399,2.7906,-0.0323,6.5230,0.2878,6.4897,0.2692,0.3250
784,26159,2.7961,-0.0411,2.7917,-0.0320,6.5236,0.2898,6.4931,0.2694,0.3250
785,26193,2.7959,-0.0431,2.7926,-0.0323,6.5260,0.2934,6.4969,0.2706,0.3250
786,26226,2.7977,-0.0456,2.7938,-0.0331,6.5366,0.2993,6.5025,0.2730,0.3250
787,26260,2.7994,-0.0482,2.7951,-0.0345,6.5467,0.3055,6.5094,0.2766,0.3250
788,26293,2.8007,-0.0499,2.7965,-0.0361,6.5543,0.3096,6.5170,0.2807,0.3250
789,26326,2.8036,-0.0519,2.7982,-0.0381,6.5681,0.3156,6.5264,0.2856,0.3250
790,26360,2.8058,-0.0542,2.8001,-0.0404,6.5795,0.3213,6.5369,0.2912,0.3250
791,26393,2.8051,-0.0575,2.8016,-0.0430,6.5821,0.3270,6.5466,0.2973,0.3250
792,26426,2.8068,-0.0595,2.8032,-0.0458,6.5917,0.3321,6.5569,0.3037,0.3250
793,26460,2.8079,-0.0606,2.8048,-0.0485,6.5973,0.3349,6.5670,0.3100,0.3250
794,26493,2.8083,-0.0621,2.8063,-0.0512,6.6010,0.3380,6.5765,0.3161,0.3250
795,26526,2.8084,-0.0628,2.8075,-0.0538,6.6028,0.3395,6.5850,0.3218,0.3250
796,26560,2.8129,-0.0642,2.8093,-0.0563,6.6213,0.3454,6.5958,0.3280,0.3250
797,26593,2.8243,-0.0672,2.8129,-0.0590,6.6673,0.3591,6.6130,0.3356,0.3250
798,26627,2.8323,-0.0690,2.8174,-0.0617,6.6989,0.3682,6.6336,0.3439,0.3250
799,26660,2.8374,-0.0720,2.8223,-0.0646,6.7222,0.3776,6.6558,0.3528,0.3250
800,26693,3.0958,-0.0794,2.8765,-0.0686,7.6696,0.5771,6.8585,0.3993,0.3250
801,26727,3.2745,-0.0843,2.9572,-0.0730,8.3240,0.7145,7.1575,0.4654,0.3250
802,26760,3.1384,-0.0828,3.0005,-0.0763,7.8292,0.6140,7.3193,0.5027,0.3250
803,26793,3.0316,-0.0811,3.0199,-0.0789,7.4398,0.5342,7.3940,0.5216,0.3250
804,26827,2.9587,-0.0798,3.0240,-0.0808,7.1737,0.4793,7.4117,0.5281,0.3250
805,26860,2.9091,-0.0807,3.0178,-0.0825,6.9956,0.4454,7.3921,0.5270,0.3250
806,26894,3.1270,-0.0884,3.0496,-0.0853,7.7967,0.6164,7.5117,0.5550,0.3250
807,26927,3.2787,-0.0936,3.1047,-0.0886,8.3539,0.7350,7.7163,0.6008,0.3250
808,26960,3.3816,-0.0969,3.1714,-0.0920,8.7317,0.8151,7.9632,0.6550,0.3250
809,26994,3.4488,-0.1001,3.2417,-0.0954,8.9802,0.8694,8.2229,0.7118,0.3250
810,27027,3.4859,-0.1006,3.3092,-0.0984,9.1150,0.8969,8.4720,0.7659,0.3250
811,27060,3.5085,-0.1007,3.3716,-0.1009,9.1970,0.9133,8.7019,0.8154,0.3250
812,27094,3.5149,-0.0991,3.4263,-0.1026,9.2177,0.9149,8.9026,0.8579,0.3250
813,27127,3.5118,-0.0978,3.4722,-0.1037,9.2045,0.9103,9.0705,0.8930,0.3250
814,27160,3.5075,-0.0982,3.5097,-0.1046,9.1896,0.9079,9.2080,0.9217,0.3250
815,27194,3.4996,-0.1008,3.5392,-0.1058,9.1653,0.9073,9.3163,0.9449,0.3250
816,27227,3.4881,-0.1024,3.5607,-0.1069,9.1261,0.9020,9.3958,0.9624,0.3250
817,27261,3.4779,-0.1033,3.5753,-0.1079,9.0907,0.8963,9.4503,0.9748,0.3250
818,27294,3.4695,-0.1037,3.5841,-0.1087,9.0607,0.8910,9.4834,0.9826,0.3250
819,27327,3.4619,-0.1063,3.5878,-0.1097,9.0373,0.8904,9.4984,0.9872,0.3250
820,27361,3.4601,-0.1104,3.5884,-0.1112,9.0376,0.8970,9.5031,0.9905,0.3250
821,27394,3.4651,-0.1144,3.5873,-0.1132,9.0618,0.9080,9.5022,0.9934,0.3250
822,27427,3.4671,-0.1193,3.5842,-0.1157,9.0770,0.9186,9.4951,0.9959,0.3250
823,27461,3.4693,-0.1221,3.5801,-0.1183,9.0892,0.9255,9.4844,0.9979,0.3250
824,27494,3.4749,-0.1262,3.5759,-0.1213,9.1161,0.9373,9.4739,1.0005,0.3250
825,27528,3.4811,-0.1286,3.5717,-0.1242,9.1424,0.9462,9.4634,1.0030,0.3250
826,27561,3.4819,-0.1316,3.5669,-0.1272,9.1500,0.9524,9.4507,1.0052,0.3250
827,27594,3.4796,-0.1337,3.5615,-0.1302,9.1450,0.9547,9.4359,1.0069,0.3250
828,27628,3.4762,-0.1352,3.5550,-0.1329,9.1353,0.9552,9.4168,1.0074,0.3250
829,27661,3.4759,-0.1352,3.5478,-0.1352,9.1343,0.9550,9.3942,1.0065,0.3250
830,27694,3.4734,-0.1349,3.5401,-0.1370,9.1244,0.9525,9.3694,1.0044,0.3250
831,27728,3.4784,-0.1366,3.5335,-0.1388,9.1454,0.9593,9.3484,1.0030,0.3250
832,27761,3.4845,-0.1376,3.5285,-0.1404,9.1690,0.9656,9.3327,1.0024,0.3250
833,27794,3.4878,-0.1381,3.5241,-0.1417,9.1817,0.9688,9.3190,1.0018,0.3250
834,27828,3.4822,-0.1379,3.5189,-0.1427,9.1612,0.9646,9.3017,1.0000,0.3250
835,27861,3.4761,-0.1383,3.5129,-0.1436,9.1395,0.9608,9.2815,0.9972,0.3250
836,27895,3.4706,-0.1383,3.5064,-0.1441,9.1198,0.9570,9.2587,0.9937,0.3250
837,27928,3.4666,-0.1382,3.4997,-0.1445,9.1054,0.9540,9.2349,0.9895,0.3250
838,27961,3.4640,-0.1381,3.4931,-0.1447,9.0958,0.9519,9.2114,0.9851,0.3250
839,27995,3.4625,-0.1380,3.4869,-0.1447,9.0900,0.9505,9.1889,0.9807,0.3250
840,28028,3.4617,-0.1378,3.4812,-0.1445,9.0870,0.9497,9.1682,0.9763,0.3250
841,28061,3.4617,-0.1390,3.4762,-0.1445,9.0888,0.9519,9.1501,0.9727,0.3250
842,28095,3.4617,-0.1397,3.4719,-0.1445,9.0899,0.9533,9.1343,0.9696,0.3250
843,28128,3.4619,-0.1402,3.4681,-0.1445,9.0914,0.9543,9.1208,0.9669,0.3250
844,28161,3.4625,-0.1417,3.4651,-0.1447,9.0960,0.9575,9.1100,0.9650,0.3250
845,28195,3.4639,-0.1439,3.4627,-0.1452,9.1044,0.9626,9.1024,0.9643,0.3250
846,28228,3.4645,-0.1464,3.4610,-0.1460,9.1106,0.9679,9.0973,0.9646,0.3250
847,28262,3.4618,-0.1479,3.4591,-0.1470,9.1033,0.9687,9.0920,0.9651,0.3250
848,28295,3.4596,-0.1486,3.4572,-0.1479,9.0964,0.9685,9.0866,0.9655,0.3250
849,28328,3.4579,-0.1502,3.4554,-0.1490,9.0927,0.9702,9.0817,0.9662,0.3250
850,28362,3.4566,-0.1529,3.4537,-0.1504,9.0926,0.9744,9.0778,0.9675,0.3250
851,28395,3.4559,-0.1545,3.4522,-0.1518,9.0923,0.9769,9.0749,0.9692,0.3250
852,28428,3.4555,-0.1566,3.4510,-0.1534,9.0942,0.9805,9.0731,0.9714,0.3250
853,28462,3.4553,-0.1577,3.4501,-0.1550,9.0956,0.9826,9.0722,0.9737,0.3250
854,28495,3.4552,-0.1595,3.4494,-0.1567,9.0978,0.9858,9.0723,0.9764,0.3250
855,28528,3.4553,-0.1611,3.4489,-0.1584,9.1007,0.9889,9.0734,0.9793,0.3250
856,28562,3.4556,-0.1632,3.4487,-0.1602,9.1050,0.9930,9.0755,0.9825,0.3250
857,28595,3.4559,-0.1656,3.4487,-0.1622,9.1100,0.9978,9.0787,0.9863,0.3250
858,28629,3.4562,-0.1669,3.4489,-0.1641,9.1134,1.0006,9.0824,0.9900,0.3250
859,28662,3.4565,-0.1688,3.4492,-0.1661,9.1174,1.0044,9.0867,0.9940,0.3250
860,28695,3.4569,-0.1724,3.4497,-0.1684,9.1246,1.0113,9.0921,0.9986,0.3250
861,28729,3.4602,-0.1310,3.4509,-0.1627,9.0705,0.9358,9.0872,0.9887,0.3250
862,28762,3.4656,-0.1055,3.4530,-0.1527,9.0497,0.8917,9.0792,0.9715,0.3250
863,28795,3.4715,-0.0904,3.4561,-0.1411,9.0469,0.8674,9.0716,0.9517,0.3250
864,28829,3.4768,-0.0823,3.4598,-0.1292,9.0531,0.8559,9.0661,0.9321,0.3250
865,28862,3.4814,-0.0877,3.4639,-0.1197,9.0784,0.8695,9.0660,0.9171,0.3250
866,28896,3.4843,-0.0928,3.4681,-0.1123,9.0969,0.8810,9.0695,0.9062,0.3250
867,28929,3.4829,-0.0968,3.4716,-0.1066,9.0985,0.8877,9.0731,0.8980,0.3250
868,28962,3.4812,-0.1000,3.4744,-0.1023,9.0973,0.8925,9.0763,0.8920,0.3250
869,28996,3.4798,-0.1024,3.4765,-0.0992,9.0960,0.8960,9.0790,0.8876,0.3250
870,29029,3.4753,-0.1052,3.4775,-0.0973,9.0843,0.8981,9.0795,0.8846,0.3250
871,29062,3.4745,-0.1072,3.4781,-0.0961,9.0845,0.9011,9.0799,0.8829,0.3250
872,29096,3.4739,-0.1096,3.4785,-0.0958,9.0860,0.9053,9.0807,0.8826,0.3250
873,29129,3.4731,-0.1111,3.4785,-0.0961,9.0855,0.9075,9.0813,0.8831,0.3250
874,29162,3.4724,-0.1131,3.4783,-0.0969,9.0862,0.9108,9.0820,0.8846,0.3250
